sample_idx,MalConvRS,AvastStyleConvRS,BBDnnRS,NGramConvRS
0,3.724928379058838,2.4989476203918457,2.5749378204345703,7.368311643600464
1,3.289491415023804,2.523080825805664,2.583569288253784,5.922659397125244
2,3.2073633670806885,2.488670825958252,2.560434341430664,6.831491231918335
3,3.2157745361328125,2.4834892749786377,2.7082715034484863,6.696185827255249
4,3.856001138687134,2.511174440383911,2.543459892272949,5.937978982925415
5,3.650056838989258,2.524012565612793,2.446508407592773,6.8405749797821045
6,2.535780429840088,2.512342929840088,2.529040098190308,4.598810195922852
7,3.4596657752990723,2.531096935272217,2.528703212738037,6.626843452453613
8,3.6577770709991455,2.5282490253448486,2.4803037643432617,6.820774078369141
9,3.906578540802002,2.522642135620117,2.474929094314575,6.740466833114624
10,4.029137372970581,2.5402133464813232,2.8433597087860107,6.657044172286987
11,4.068053722381592,2.5295724868774414,2.535438776016236,6.51713752746582
12,3.871628522872925,2.523701906204224,2.4829583168029785,6.466254234313965
13,3.825153112411499,2.492531538009644,2.46110463142395,6.7641282081604
14,3.5764076709747314,2.5405468940734863,2.470393180847168,6.968641042709351
15,3.631117105484009,2.530437707901001,2.452878952026367,6.694783687591553
16,3.531234741210937,2.526278018951416,2.404294490814209,6.795332431793213
17,3.498539924621582,2.4550881385803223,2.391402244567871,6.660597324371338
18,3.441858053207397,2.529869318008423,2.497070789337158,6.504095792770386
19,3.8594682216644287,2.534899950027466,2.449894666671753,6.467473745346069
20,3.593256950378418,2.5165610313415527,2.5406620502471924,6.556192636489868
21,3.649162530899048,2.5509283542633057,2.476857662200928,6.434340715408325
22,3.756328821182251,2.5630910396575928,2.5538134574890137,6.66826605796814
23,3.3009519577026367,2.56628966331482,2.541676998138428,6.46875
24,3.668173313140869,2.531342029571533,2.5375163555145264,6.3828816413879395
25,2.746005058288574,2.5289385318756104,2.516636610031128,5.017463207244873
26,3.888573169708252,2.518909454345703,2.4792611598968506,6.457488775253296
27,3.642866373062134,2.550062894821167,2.537646532058716,6.412293910980225
28,3.708121538162232,2.511444330215454,2.4699203968048096,6.6349406242370605
29,2.7733702659606934,2.5228471755981445,2.514014959335327,4.903678894042969
30,3.39722204208374,2.5436906814575195,2.5264580249786377,6.4558329582214355
31,3.829667091369629,2.5347578525543213,2.500571727752685,6.621120929718018
32,3.40047550201416,2.5545597076416016,2.5021448135375977,6.5456929206848145
33,3.776323080062866,2.5714499950408936,2.5122649669647217,6.44244909286499
34,3.45801043510437,2.535543918609619,2.4556684494018555,6.6208274364471436
35,3.417383909225464,2.517394542694092,2.4022862911224365,6.483431577682495
36,3.3443078994750977,2.5428922176361084,2.46038556098938,6.506762504577637
37,3.372588396072388,2.547727346420288,2.4267666339874268,6.469594478607178
38,3.175318717956543,2.5329833030700684,2.394911527633667,6.392324686050415
39,3.797513723373413,2.49974012374878,2.4156031608581543,6.62923002243042
40,3.5464859008789062,2.5497524738311768,2.5007994174957275,6.500612258911133
41,3.4115419387817383,2.507448434829712,2.5171468257904053,6.478284120559692
42,2.9842512607574463,2.531850576400757,2.480496644973755,5.423884153366089
43,3.4586784839630127,2.539677619934082,2.48858380317688,6.439268112182617
44,3.493401527404785,2.535033702850342,2.3704593181610107,6.530399322509766
45,3.89532732963562,2.5307302474975586,2.3543150424957275,6.534540891647339
46,3.850474834442138,2.5226492881774902,2.3741369247436523,6.515428066253662
47,3.205962657928467,2.510563611984253,2.339616298675537,6.501326322555542
48,3.63822340965271,2.5586578845977783,2.3491015434265137,6.394318103790283
49,3.1540844440460205,2.499872922897339,2.3898282051086426,6.560218811035156
50,3.39988112449646,2.509577751159668,3.313706398010254,6.5284037590026855
51,3.638439893722534,2.518259763717652,2.6695327758789062,6.35469126701355
52,3.813648223876953,2.501118898391724,2.3656439781188965,6.546047210693359
53,3.3965067863464355,2.512748003005981,2.399720430374145,6.597843170166016
54,3.735194206237793,2.502227067947388,2.477372884750366,6.421231031417847
55,3.60918927192688,2.5128486156463623,2.443523645401001,6.469473361968994
56,3.452390670776367,2.52176833152771,2.396422863006592,6.618310928344727
57,3.4844202995300293,2.500598192214966,2.3942253589630127,6.515882730484009
58,3.804908037185669,2.479576587677002,2.385200500488281,6.481340646743774
59,3.676224946975708,2.529177665710449,2.397674560546875,6.482299566268921
60,3.358814001083374,2.496600866317749,2.4160642623901367,6.566358327865601
61,3.6957621574401855,2.509539842605591,2.3928334712982178,6.529371976852417
62,3.206830739974976,2.49363660812378,2.408750057220459,6.455310344696045
63,3.5308306217193604,2.5210580825805664,2.439562559127808,6.504926681518555
64,3.194075345993042,2.543519973754883,2.375706672668457,6.357591152191162
65,3.3434908390045166,2.5119240283966064,2.4577412605285645,6.315047979354858
66,3.649124145507813,2.5088727474212646,2.4365899562835693,6.461332321166992
67,3.281040668487549,2.521742820739746,2.3460164070129395,6.39589262008667
68,3.4079794883728027,2.49835467338562,2.398845672607422,6.624612808227539
69,3.833967447280884,2.5274574756622314,2.371962308883667,6.693636178970337
70,3.607480049133301,2.5446879863739014,2.3586926460266118,6.519834756851196
71,3.2396585941314697,2.5320262908935547,2.6070210933685303,6.5035669803619385
72,3.1502349376678467,2.5224406719207764,2.6981539726257324,6.353506088256836
73,3.171086549758911,2.542149782180786,2.611936330795288,6.492026329040527
74,3.510643720626831,2.5532891750335693,2.7017953395843506,6.431533098220825
75,3.751456499099731,2.544614791870117,2.3621222972869877,6.426252841949463
76,3.853805541992188,2.521548271179199,2.3774702548980717,6.421790838241577
77,2.84912109375,2.5042803287506104,2.3951656818389893,5.280483245849609
78,3.4654057025909424,2.492305517196656,2.41956090927124,6.4373462200164795
79,3.5174410343170166,2.52915358543396,2.40712571144104,6.332653284072876
80,3.4735536575317383,2.4864416122436523,2.399549961090088,6.575764179229736
81,3.385302782058716,2.552708625793457,2.3475794792175293,6.528583765029907
82,3.442854404449463,2.5383808612823486,2.401470422744751,6.435587644577026
83,3.275264501571656,2.550499439239502,2.4299118518829346,6.473699331283569
84,3.390134334564209,2.4702866077423096,2.4091145992279053,6.471439361572266
85,3.6268372535705566,2.520577907562256,2.3820972442626958,6.523960828781128
86,3.6270194053649902,2.524545907974243,2.4061601161956787,5.728704929351807
87,3.6663694381713854,2.556318044662476,2.409078598022461,6.379256963729858
88,2.6705479621887207,2.489755153656006,2.4054760932922363,4.867120981216431
89,3.757356882095337,2.513091802597046,2.3784167766571045,6.579507827758789
90,3.767559766769409,2.533958196640014,2.397080421447754,6.386621475219727
91,3.143892526626587,2.4958415031433105,2.3844151496887207,6.3917555809021
92,3.341683149337769,2.544095516204834,2.3657586574554443,6.42278265953064
93,3.2021446228027344,2.5162107944488525,2.324051141738892,6.342193365097046
94,2.55790114402771,2.6454789638519287,2.3978676795959477,5.239450693130493
95,3.2326388359069824,2.5818984508514404,2.4174563884735107,6.371406078338623
96,3.3681480884552,2.550722360610962,2.4765703678131104,6.425293922424316
97,3.262913942337036,2.59201717376709,2.4335646629333496,6.540443420410156
98,3.2443649768829346,2.5438671112060547,2.439805030822754,6.493909597396851
99,3.355637788772583,2.5464746952056885,2.4449620246887207,6.660067558288574
100,3.243572473526001,2.562184810638428,2.4311225414276123,6.566198825836182
101,3.1951072216033936,2.5566246509552,2.4284024238586426,6.523016691207886
102,3.308191299438477,2.5444540977478027,2.4272778034210205,6.296460151672363
103,3.472740411758423,2.5440661907196045,2.466006278991699,6.35593843460083
104,3.579892873764038,2.5420682430267334,2.4462311267852783,6.354479551315308
105,3.979940414428711,2.559892416000366,2.430051803588867,6.476271867752075
106,3.4122302532196045,2.5447444915771484,2.3990349769592285,6.4756364822387695
107,3.408363580703736,2.5923843383789062,2.410123825073242,6.558902025222778
108,3.650578498840332,2.6765828132629395,2.415804386138916,6.4632344245910645
109,3.288403272628784,2.5807852745056152,2.4132535457611084,6.247558116912842
110,3.300882577896118,2.5395281314849854,2.377826690673828,6.329927206039429
111,3.1515443325042725,2.608182907104492,2.3578813076019287,6.312554597854614
112,3.2118444442749023,2.540586471557617,2.3889031410217285,6.548395156860352
113,2.442545413970948,2.550213575363159,2.4558842182159424,5.157213449478149
114,3.985687255859375,2.7256808280944824,2.4881412982940674,6.434666156768799
115,3.1920242309570312,2.580473184585572,2.4061245918273926,6.5387725830078125
116,3.3035728931427,2.614344358444214,2.4305238723754883,6.409132719039917
117,3.3159968852996826,2.5473523139953613,2.438506603240967,6.453322649002075
118,3.477203607559204,2.5574471950531006,2.4574944972991943,6.507082462310791
119,3.76020884513855,2.5153279304504395,2.433229684829712,6.331743478775024
120,4.018456935882568,2.578285455703736,2.454301357269287,6.6949217319488525
121,3.49544620513916,2.572583675384521,2.477918863296509,6.478177785873413
122,2.7855381965637207,2.6002204418182373,2.51766037940979,5.135781288146973
123,3.341913938522339,2.58831524848938,2.470467567443848,6.333282947540283
124,2.51963210105896,2.564602851867676,2.490862846374512,4.833385467529297
125,4.334535598754883,2.5879907608032227,2.5408804416656494,6.386794805526733
126,3.37654447555542,2.574251651763916,2.4837536811828613,6.517353534698486
127,3.447611093521118,2.5724477767944336,2.5781657695770264,6.3579864501953125
128,3.554847002029419,2.57124924659729,2.57008957862854,6.549269199371338
129,3.370116949081421,2.5537378787994385,2.4893054962158203,6.339931488037109
130,3.332256317138672,2.57360577583313,2.563337564468384,6.330731391906738
131,4.037187576293945,2.56745719909668,2.496479034423828,6.412803888320923
132,3.837599277496338,2.553525924682617,2.5936925411224365,6.47285795211792
133,3.3519725799560547,2.505805969238281,2.5047483444213867,6.516897678375244
134,3.4419479370117188,2.524296760559082,2.573297500610352,6.510388135910034
135,3.219918727874756,2.531153440475464,2.7563884258270264,6.395006418228149
136,3.302864551544189,2.5270979404449463,2.596924304962158,6.401811599731445
137,3.5034728050231934,2.561352491378784,2.44480037689209,6.59955096244812
138,3.5596582889556885,2.539497375488281,2.4974944591522217,6.469774484634399
139,3.663596868515015,2.5233521461486816,2.5140154361724854,6.3891441822052
140,3.7596731185913086,2.5598843097686768,2.4254045486450195,6.406268358230591
141,2.4842920303344727,2.509747266769409,2.4352266788482666,4.6074724197387695
142,3.094083547592163,2.543895721435547,2.437199831008911,5.343593120574951
143,3.250680685043335,2.530760765075684,2.502840280532837,6.519830226898193
144,3.78063440322876,2.5587680339813232,2.461808204650879,6.497666597366333
145,2.99455189704895,2.570652484893799,2.5936391353607178,6.442164182662964
146,3.274933338165283,2.5687592029571533,2.499290943145752,6.284578323364258
147,3.109147310256958,2.514909029006958,2.5338053703308105,6.384181022644043
148,3.222718954086304,2.519834041595459,2.4295456409454346,6.434748411178589
149,3.996677875518799,2.4679977893829346,2.480349063873291,6.520894765853882
150,3.0677950382232666,2.5472655296325684,2.4851858615875244,6.367800951004028
151,3.090778112411499,2.5429420471191406,2.467185735702514,6.562240123748779
152,3.715900182723999,2.52638578414917,2.380213975906372,6.5805745124816895
153,3.110522747039795,2.5074803829193115,2.399840831756592,6.358150243759155
154,3.178194522857666,2.508939266204834,2.437129497528076,6.485084772109985
155,2.3015289306640625,2.5003771781921387,2.4235780239105225,4.41096043586731
156,3.629850625991821,2.526669502258301,2.4236419200897217,6.417745113372803
157,3.322960138320923,2.542313575744629,2.502285957336426,6.34011435508728
158,3.173858642578125,2.5383968353271484,2.440778970718384,6.436361074447632
159,2.295171022415161,2.500109434127808,2.4481160640716557,4.264439105987549
160,3.1047403812408447,2.4874911308288574,2.45019793510437,6.4139039516448975
161,3.133861303329468,2.513911724090576,2.411460399627685,6.39553427696228
162,3.1576404571533203,2.5079946517944336,2.419830322265625,6.491847276687622
163,3.2436683177948,2.5291635990142822,2.412757635116577,6.503840923309326
164,3.143380641937256,2.535239219665528,2.4984419345855717,6.504991769790649
165,3.127545118331909,2.535099506378174,2.479865789413452,6.4548821449279785
166,3.19189453125,2.5092597007751465,2.4272029399871826,6.621165990829468
167,3.607494115829468,2.520042896270752,2.524009943008423,6.47442889213562
168,3.2245805263519287,2.5221095085144043,2.459368705749512,6.436218738555908
169,3.0907647609710693,2.615707874298096,2.489156484603882,6.466524600982666
170,3.744564056396485,2.514594554901123,2.44299054145813,6.559284687042236
171,3.108633756637573,2.484506130218506,2.420238256454468,6.450746774673462
172,3.1934471130371094,2.5018467903137207,2.433588743209839,6.439136266708374
173,3.1576411724090576,2.5673015117645264,2.489372491836548,6.557459115982056
174,3.098731756210327,2.549851894378662,2.4401841163635254,6.523263216018677
175,3.2420992851257324,2.541006088256836,2.4802417755126958,6.463646650314331
176,3.498140811920166,2.484495162963867,2.465081214904785,6.454239845275879
177,3.5259692668914795,2.4763052463531494,2.483015298843384,6.56925892829895
178,3.499283790588379,2.494657754898072,2.453604459762573,6.533735036849976
179,3.546759843826294,2.482015609741211,2.3896679878234863,6.511378526687622
180,3.23439359664917,2.5057213306427,2.95785927772522,6.603580474853516
181,3.262730360031128,2.50764799118042,2.880525827407837,6.514771938323975
182,3.221557855606079,2.509793281555176,2.3848679065704346,6.633593797683716
183,3.194237470626831,2.495100736618042,2.356448173522949,6.462372303009033
184,3.457754611968994,2.513998508453369,2.38752818107605,6.373324155807495
185,3.3580996990203857,2.5529258251190186,2.380434274673462,6.4961183071136475
186,3.539993524551392,2.5146350860595703,2.393810510635376,6.5661702156066895
187,3.380396604537964,2.486327886581421,2.480018854141236,6.482101917266846
188,3.379680633544922,2.5035200119018555,2.5022528171539307,6.414750576019287
189,2.477446317672729,2.510680675506592,2.426704168319702,5.41479754447937
190,3.0266661643981934,2.517972707748413,2.4159302711486816,6.519246578216553
191,3.0741424560546875,2.4943742752075195,2.4401543140411377,6.401733160018921
192,3.432647466659546,2.566632032394409,2.3921587467193604,6.509465456008911
193,3.3199565410614014,2.5562729835510254,2.444835901260376,6.507549285888672
194,3.1479651927948,2.505577564239502,2.459538698196411,6.534399032592773
195,3.172114372253418,2.497339963912964,2.441467523574829,6.500993728637695
196,3.16542911529541,2.5224549770355225,2.344267606735229,6.557303190231323
197,3.523160934448242,2.497810125350952,2.418220996856689,6.451013803482056
198,3.514068365097046,2.482346534729004,2.434526205062866,6.34772515296936
199,3.171308279037476,2.48443603515625,2.424983263015747,6.388540029525757
200,3.2525055408477783,2.512120485305786,2.38376522064209,6.499446868896484
201,3.291877269744873,2.5092852115631104,2.4585423469543457,6.409296989440918
202,3.244436025619507,2.505412101745605,3.0876924991607666,6.436746120452881
203,3.302541732788086,2.494147777557373,2.544771671295166,6.516383409500122
204,3.192344665527344,2.5188045501708984,2.558343410491944,6.451542615890503
205,3.225210428237915,2.487168788909912,2.505743265151977,6.784640312194824
206,3.2437431812286377,2.4745419025421143,2.510667324066162,6.339252471923828
207,3.1921517848968506,2.529167413711548,2.6529252529144287,6.439859390258789
208,2.493262529373169,2.473806858062744,2.972724199295044,5.2685706615448
209,3.0471982955932617,2.4943196773529053,2.549572229385376,6.319322347640991
210,3.206522226333618,2.4587717056274414,2.543546199798584,6.3748228549957275
211,3.205141544342041,2.5213444232940674,2.539354085922241,6.444098711013794
212,3.155041456222534,2.518605947494507,2.519944906234741,6.4710376262664795
213,3.23721981048584,2.4911701679229736,2.537851333618164,6.449345350265503
214,3.2216975688934326,2.4566855430603027,2.5178263187408447,5.684037208557129
215,3.181889533996582,2.4992001056671143,2.489039182662964,6.5246968269348145
216,3.622154235839844,2.5225424766540527,2.484807014465332,6.53089165687561
217,3.2639803886413574,2.539472341537476,2.538478374481201,6.543442964553833
218,3.1497716903686523,2.4783997535705566,2.5223939418792725,6.52187442779541
219,3.1258246898651123,2.503347873687744,2.511699914932251,6.306664228439331
220,3.143187522888184,2.489656686782837,2.542267084121704,6.517924785614014
221,3.086639165878296,2.5036754608154297,2.457435131072998,6.44635009765625
222,3.1638224124908447,2.484085321426392,2.4421637058258057,6.679157495498657
223,3.20571517944336,2.485633134841919,2.4935455322265625,6.526505947113037
224,3.146422863006592,2.5031867027282715,2.5532891750335693,6.34654426574707
225,3.0879018306732178,2.527154922485352,2.518336296081543,6.508877277374268
226,3.0692033767700195,2.482750415802002,2.5185909271240234,6.538962125778198
227,2.835674285888672,2.54093599319458,2.4832851886749268,5.334930419921875
228,3.848294496536255,2.5178537368774414,2.586392641067505,6.55182957649231
229,3.496368646621704,2.536503791809082,2.5490498542785645,6.506203651428223
230,2.8678760528564453,2.5001370906829834,2.510061025619507,5.622677564620972
231,3.142019510269165,2.502003669738769,2.529487371444702,6.479321241378784
232,3.199352979660034,2.5036492347717285,2.4339871406555176,6.490333080291748
233,3.192953586578369,2.519552707672119,2.5450339317321777,6.588620901107788
234,3.0070102214813232,2.515336751937866,2.52850341796875,5.416776895523071
235,3.2406811714172363,2.525015115737915,2.837022304534912,6.574862003326416
236,3.580461978912353,2.5223870277404785,2.637606143951416,6.479325771331787
237,3.3580574989318848,2.521362066268921,2.564967393875122,6.5184173583984375
238,2.694285154342652,2.5127227306365967,2.506641626358032,4.9744908809661865
239,4.409226655960083,2.522458791732788,2.548970937728882,6.422744512557983
240,3.1656482219696045,2.4624569416046143,2.893040180206299,6.345748424530029
241,3.1558125019073486,2.4809389114379883,2.569288492202759,6.517910957336426
242,3.189502716064453,2.48321533203125,2.6742992401123047,6.671103239059448
243,3.046254873275757,2.4983911514282227,2.531364679336548,5.69676399230957
244,2.51103138923645,2.4807283878326416,2.565722942352295,4.7970967292785645
245,3.16131591796875,2.4936602115631104,2.503458976745605,6.408668518066406
246,3.774470090866089,2.508253812789917,2.5515458583831787,5.748705148696899
247,3.519441843032837,2.544883251190185,2.4454164505004883,6.558836460113525
248,2.487717628479004,2.510597944259644,2.554349184036255,4.647119760513306
249,3.131683826446533,2.473400354385376,2.5449345111846924,6.4269866943359375
250,3.309605360031128,2.5012660026550293,2.626431941986084,6.378325939178467
251,2.948437452316284,2.472430944442749,2.608957052230835,5.601394176483154
252,3.053640365600586,2.5021812915802,2.5752713680267334,6.515285491943359
253,2.735938549041748,2.4927351474761963,2.4981331825256348,5.558196783065796
254,2.701345682144165,2.444843053817749,2.4841747283935547,5.09293007850647
255,3.0913238525390625,2.4656405448913574,2.4371867179870605,6.445833921432495
256,3.1119842529296875,2.5233702659606934,2.503559827804565,5.6464056968688965
257,3.1678578853607178,2.535898447036743,2.4498538970947266,6.631772994995117
258,3.231621742248535,2.528640031814575,2.4365694522857666,6.5022993087768555
259,3.215686559677124,2.5264220237731934,2.460920810699463,6.4959704875946045
260,3.1998391151428223,2.543382167816162,2.4582111835479736,6.5681235790252686
261,3.550588607788086,2.4860482215881348,2.3898696899414062,6.343688488006592
262,3.477449417114258,2.511926412582397,2.4632906913757324,6.378393173217773
263,3.122314929962158,2.5022947788238525,2.8732452392578125,6.5940375328063965
264,3.381934881210327,2.674077033996582,2.7783427238464355,6.444933891296387
265,3.2283201217651367,2.56015944480896,2.3429946899414062,6.431904554367065
266,3.1065454483032227,2.6294291019439697,2.3851447105407715,6.496014356613159
267,3.29804801940918,2.540900230407715,2.411720991134644,6.339414834976196
268,3.509773731231689,2.537986516952514,2.399812936782837,6.411087989807129
269,2.714671850204468,2.5229766368865967,2.346480131149292,5.455113887786865
270,3.14324951171875,2.5539166927337646,2.338210105895996,6.387734889984131
271,3.1618051528930664,2.5087990760803223,2.336303472518921,6.528160333633423
272,3.169002056121826,2.5318546295166016,2.361109495162964,6.524949789047241
273,2.755687475204468,2.488527536392212,2.3847756385803223,5.424234867095947
274,3.186956882476806,2.5374016761779785,3.095791816711426,6.595355272293091
275,2.529693603515625,2.506309509277344,2.547959089279175,4.7466723918914795
276,3.2723639011383057,2.470548629760742,2.4122960567474365,6.391632795333862
277,3.297515869140625,2.4742352962493896,2.4005672931671143,6.450978517532349
278,3.357964277267456,2.5138936042785645,2.375263214111328,6.446837663650513
279,3.2109084129333496,2.487465143203736,2.4034512042999268,6.370321750640869
280,3.0813212394714355,2.491694450378418,2.4293205738067627,6.39746618270874
281,3.208531856536865,2.485002040863037,2.406523466110229,6.434697389602661
282,3.3148789405822754,2.514674186706543,2.4027912616729736,6.51915979385376
283,3.146728277206421,2.487734794616699,2.546650648117065,6.540278911590576
284,3.3535046577453613,2.514153242111206,2.474172830581665,6.486339807510376
285,2.7748942375183105,2.536749839782715,2.463798999786377,5.509492635726929
286,3.159440517425537,2.652983427047729,2.4912784099578857,6.423933982849121
287,2.5199129581451416,2.5384409427642822,2.774684190750122,5.143955707550049
288,3.3294942378997803,2.539231538772583,2.473158836364746,6.503015756607056
289,3.403212547302246,2.5356547832489014,2.47610855102539,6.467562198638916
290,3.2018282413482666,2.5266449451446533,2.504769802093506,6.508894443511963
291,3.206193208694458,2.5377066135406494,2.450321912765503,6.452642917633057
292,3.2086102962493896,2.50879979133606,2.444866180419922,6.511470079421997
293,3.0954604148864746,2.555550575256348,2.481837511062622,6.596103668212891
294,3.3941049575805664,2.5050086975097656,2.556764602661133,6.352856159210205
295,3.2337324619293213,2.4521472454071045,2.44767689704895,6.3002028465271
296,3.3533074855804443,2.512573480606079,2.4592723846435547,6.580567836761475
297,3.219512939453125,2.500109910964966,2.476243734359741,6.346290588378906
298,3.3210065364837646,2.5017805099487305,2.42732572555542,6.391039609909058
299,3.230152130126953,2.460632562637329,2.503805160522461,6.5163679122924805
300,2.918555498123169,2.501861572265625,2.5468575954437256,5.406036853790283
301,3.362786769866944,2.54975962638855,2.4585118293762207,6.396842956542969
302,3.4390811920166016,2.4872946739196777,2.5133907794952397,6.313660144805908
303,3.342625617980957,2.5005135536193848,2.4442849159240723,6.442601442337036
304,3.359452486038208,2.5482723712921143,2.5418035984039307,6.328244924545288
305,3.232040405273437,2.531258344650269,2.508382558822632,6.372340202331543
306,3.3002021312713623,2.503215789794922,2.452609777450561,6.326071739196777
307,3.263834953308105,2.492619276046753,2.953943014144897,6.378376483917236
308,3.3465609550476074,2.516499757766724,2.5071089267730717,6.551488876342773
309,3.4870879650115967,2.5034570693969727,2.4739129543304443,6.561578035354614
310,3.1917552947998047,2.5312869548797607,2.647890090942383,6.549641370773315
311,3.2025303840637207,2.511591672897339,2.4486005306243896,6.408207654953003
312,3.081120491027832,2.5479276180267334,2.752617835998535,6.389273405075073
313,3.151434421539306,2.555670022964477,2.5060532093048096,6.431496858596802
314,3.2454214096069336,2.5315160751342773,2.4172563552856445,6.431019306182861
315,3.366526365280152,2.545612335205078,2.4398210048675537,6.536250591278076
316,3.217416763305664,2.4978604316711426,2.4691929817199707,6.495876789093018
317,3.343623638153076,2.4942445755004883,2.4982452392578125,6.329876184463501
318,3.322839975357056,2.519796848297119,2.4373176097869877,6.471367597579956
319,3.302365064620972,2.518561124801636,2.475222587585449,6.617949485778809
320,3.3066153526306152,2.5424611568450928,2.4752073287963867,6.344529390335083
321,3.0650737285614014,2.5235860347747803,2.458430528640747,5.74629807472229
322,3.185976982116699,2.5271594524383545,2.4350547790527344,6.402189254760742
323,3.110964775085449,2.5559749603271484,2.4058592319488525,6.482586860656738
324,3.086698055267334,2.5440211296081543,2.4699835777282715,6.568688869476318
325,3.3032643795013428,2.571516752243042,2.4251368045806885,6.570464134216309
326,3.481846570968628,2.5282602310180664,2.433469533920288,6.548301458358765
327,3.055881977081299,2.5774667263031006,2.4070777893066406,6.327256679534912
328,3.387946605682373,2.5370888710021973,2.450399160385132,6.439442157745361
329,2.4722416400909424,2.557821989059448,2.4600985050201416,5.339397192001343
330,3.2140262126922607,2.5164835453033447,2.427830934524536,6.465719699859619
331,3.2428579330444336,2.600156307220459,2.3672518730163574,6.594794511795044
332,3.3679749965667725,2.4957337379455566,2.40462589263916,6.605307340621948
333,3.1190826892852783,2.503732442855835,2.336709976196289,6.509623765945435
334,3.1568868160247803,2.542932510375977,2.3400046825408936,6.457671403884888
335,3.300032138824463,2.622483491897583,2.37503433227539,6.517452716827393
336,3.1811769008636475,2.605785846710205,2.3427863121032715,6.554922342300415
337,3.2902464866638184,2.531893253326416,2.391230344772339,6.606576204299927
338,3.131089448928833,2.537236452102661,2.460991144180298,6.5958287715911865
339,3.3163809776306152,2.543757200241089,2.383372068405152,6.61224889755249
340,3.421638250350952,2.5521228313446045,2.4402406215667725,6.661709547042847
341,3.1728174686431885,2.591237068176269,2.9009430408477783,6.603924751281738
342,3.2801315784454346,2.51331114768982,2.787045478820801,6.534315347671509
343,3.425360679626465,2.5234899520874023,2.367762804031372,6.589362144470215
344,3.2329764366149902,2.5151596069335938,2.423462390899658,6.415686130523682
345,3.328603744506836,2.4998810291290283,2.3977818489074707,6.345324993133545
346,3.2212276458740234,2.533815383911133,2.3774306774139404,6.500319242477417
347,3.1681389808654785,2.518975257873535,2.3881356716156006,6.524902820587158
348,3.2517454624176025,2.5263772010803223,2.4084696769714355,6.5612030029296875
349,3.2443556785583496,2.503533840179444,2.3594534397125244,6.552717447280884
350,3.255638837814331,2.5255649089813232,2.3719558715820312,6.635082960128784
351,3.133084535598755,2.523728847503662,2.36812424659729,6.68315863609314
352,3.191683053970337,2.5498180389404297,2.4292473793029785,6.599022150039673
353,3.1922049522399902,2.5542235374450684,2.402263164520264,6.544782638549805
354,3.1436526775360107,2.54209041595459,2.415181398391724,6.55929708480835
355,3.519416332244873,2.532790422439575,2.4087929725646973,6.408776760101318
356,3.193558931350708,2.5326714515686035,2.466658115386963,6.445648908615112
357,3.1894853115081787,2.459486484527588,2.435900926589966,6.605079412460327
358,3.277883529663086,2.508298873901367,2.7503342628479004,6.583106517791748
359,3.2948834896087646,2.515151023864746,2.8357036113739014,6.566053867340088
360,2.431125402450561,2.540510416030884,2.789091110229492,4.933910369873047
361,3.176281452178955,2.54212498664856,2.397293329238892,6.633916616439819
362,3.22933292388916,2.525386095046997,2.4816038608551025,6.494659662246704
363,2.806553602218628,2.5291194915771484,2.496797561645508,5.419656991958618
364,3.3101396560668945,2.5384621620178223,2.478347063064575,6.455819606781006
365,3.4011738300323486,2.5448148250579834,2.4456706047058105,6.606119871139526
366,3.120381116867065,2.5147738456726074,2.5035288333892822,6.499396800994873
367,3.1528332233428955,2.525942802429199,2.5113213062286377,6.499261856079102
368,3.255812168121338,2.572126626968384,2.459079504013061,6.440020561218262
369,2.5407357215881348,2.536447286605835,2.510749101638794,4.812583923339844
370,3.278529405593872,2.544626235961914,2.529989004135132,6.474486827850342
371,3.248324155807495,2.528120517730713,2.48034143447876,6.395563125610352
372,3.240900039672852,2.5291736125946045,2.460348129272461,6.328052997589111
373,3.4670207500457764,2.486245632171631,2.42300033569336,6.5122151374816895
374,3.232428789138794,2.5183892250061035,2.4725677967071533,6.47409200668335
375,3.243884563446045,2.5478157997131348,2.490943431854248,6.408584356307983
376,3.195398092269897,2.518357992172241,2.419116735458374,6.679352521896362
377,3.3305912017822266,2.514808893203736,2.458216667175293,6.3473851680755615
378,3.263234615325928,2.5411059856414795,2.419504404067993,6.39309024810791
379,3.618536949157715,2.561517238616944,2.4844417572021484,6.4769861698150635
380,3.378822565078736,2.5444588661193848,2.480079412460327,6.612978458404541
381,3.145336151123047,2.5518972873687744,2.505658864974976,6.581445932388306
382,3.254244565963745,2.5189247131347656,2.4643678665161133,6.643208980560303
383,3.5163588523864746,2.5397212505340576,2.466712713241577,6.790238380432129
384,2.796940803527832,2.528641939163208,2.476505279541016,5.835472106933594
385,3.226309061050415,2.535876989364624,2.438894271850586,6.430929899215698
386,3.2651498317718506,2.529592037200928,2.4625461101531982,6.410122632980347
387,3.4440510272979736,2.540738821029663,2.431522846221924,6.455790996551514
388,3.2887322902679443,2.525708675384521,2.42509126663208,6.396949052810669
389,3.262406587600708,2.486365556716919,2.4485015869140625,6.399724721908569
390,3.551015138626098,2.5249876976013184,2.469325065612793,6.4607837200164795
391,3.165235042572021,2.5318548679351807,2.4620578289031982,6.390275955200195
392,3.1684343814849854,2.5414793491363525,2.445235252380371,6.570994138717651
393,3.0889556407928467,2.506617307662964,2.447906732559204,6.399505615234375
394,3.440706491470337,2.5427348613739014,2.543830394744873,6.368362188339233
395,3.2940468788146973,2.526059150695801,2.4373481273651123,6.406277418136597
396,3.19594669342041,2.529469966888428,2.426872491836548,6.528579473495483
397,3.384617805480957,2.529418468475342,2.4591760635375977,6.483854532241821
398,3.089483976364136,2.5190563201904297,2.469630718231201,6.628824472427368
399,2.4102578163146973,2.510697364807129,2.3808422088623047,4.5810627937316895
400,3.290211200714112,2.497141122817993,2.439559936523437,6.369519948959351
401,3.16827130317688,2.522507905960083,2.470065832138061,6.383516311645508
402,3.176935195922852,2.528485059738159,2.575820207595825,6.546363830566406
403,3.188915491104126,2.5266635417938232,2.4397988319396973,6.5875372886657715
404,3.1444754600524902,2.521761417388916,2.527848482131958,6.403581857681274
405,3.3209545612335205,2.533067226409912,2.484303474426269,6.374155759811401
406,3.200559377670288,2.5325608253479004,2.4632885456085205,6.382041692733765
407,3.154570817947388,2.5589778423309326,2.4527177810668945,6.34130597114563
408,3.137153387069702,2.5782649517059326,2.4749128818511963,6.341871738433838
409,3.1984636783599854,2.523273468017578,2.488924741744995,6.371905565261841
410,3.2708919048309326,2.579756736755371,2.5662646293640137,6.521651744842529
411,3.498440742492676,2.5463452339172363,2.596230983734131,6.4732794761657715
412,3.274789571762085,2.523579835891724,2.5521697998046875,6.324394226074219
413,2.666368007659912,2.549200773239136,2.509329319000244,5.539352178573608
414,3.254658937454224,2.497910499572754,2.530545234680176,6.34240984916687
415,3.121376037597656,2.492025375366211,2.479411602020264,6.4421117305755615
416,3.318972110748291,2.5398426055908203,2.581291913986206,6.5651490688323975
417,3.1377663612365723,2.4774844646453857,2.482754230499268,6.612900257110596
418,3.1383402347564697,2.4892327785491943,2.737995386123657,6.435595989227295
419,3.2030839920043945,2.5238656997680664,2.824904680252075,6.479418039321899
420,3.125356912612915,2.5221667289733887,2.583487272262573,6.536866903305054
421,3.1715288162231445,2.524698734283448,2.7269389629364014,6.401011943817139
422,2.264575719833374,2.533367872238159,2.4727795124053955,4.586550951004028
423,3.2247018814086914,2.5082879066467285,2.493032693862915,6.606281995773315
424,2.4657530784606934,2.535038709640503,2.419713020324707,4.765574216842651
425,3.521878719329834,2.504725217819214,2.439138889312744,6.474982738494873
426,3.4247329235076904,2.496356248855591,2.4735050201416016,6.4907379150390625
427,3.146559715270996,2.5031559467315674,2.51495623588562,6.49834680557251
428,3.3137764930725098,2.536995649337769,2.48835563659668,6.529040336608887
429,3.3818721771240234,2.4997174739837646,2.810631275177002,6.441898584365845
430,3.138193130493164,2.486780166625977,2.469599723815918,6.5029261112213135
431,3.054782629013061,2.4592385292053223,2.483240365982056,6.536131143569946
432,3.2187297344207764,2.515355348587036,2.460479736328125,6.33345365524292
433,3.431957244873047,2.5017998218536377,2.4751882553100586,6.47506856918335
434,3.32139539718628,2.4903509616851807,2.632664680480957,6.644490957260132
435,3.440472364425659,2.50392484664917,2.5082383155822754,6.600923299789429
436,3.1319363117218018,2.533282518386841,2.5677237510681152,6.3951215744018555
437,3.40745210647583,2.4556095600128174,2.480837106704712,6.477385759353638
438,3.542545795440674,2.4663021564483643,3.2499682903289795,6.536688327789307
439,3.239377737045288,2.493224620819092,2.521853446960449,6.469425678253174
440,3.472875595092773,2.454345941543579,2.687917947769165,6.541158676147461
441,2.54957127571106,2.4926743507385254,2.4855024814605717,4.44758152961731
442,3.3840157985687256,2.475292444229126,2.486702680587769,6.6252601146698
443,3.399790048599243,2.516652107238769,2.5426504611968994,6.555659055709839
444,3.432979822158813,2.52652907371521,2.528653144836426,6.417385101318359
445,3.2867519855499268,2.509582757949829,2.802128791809082,6.554782390594482
446,3.3147552013397217,2.53821063041687,2.658212661743164,6.539951324462891
447,3.2312655448913574,2.461009979248047,2.7340259552001958,5.9020209312438965
448,3.4307103157043457,2.4750208854675293,2.675370216369629,6.493248701095581
449,3.4899802207946777,2.49808931350708,2.546619415283203,6.444859981536865
450,3.383190393447876,2.491675615310669,2.474236249923706,6.552585601806641
451,3.403093814849853,2.5046072006225586,2.507761240005493,6.554627180099487
452,3.481289386749268,2.517824172973633,2.549298048019409,6.470805644989014
453,3.4984519481658936,2.527529001235962,2.5953292846679688,6.532737970352173
454,3.42463493347168,2.536807060241699,2.558598756790161,6.564989328384399
455,3.3780524730682373,2.508256435394287,2.473315954208374,6.5135979652404785
456,3.5417799949646,2.5217363834381104,2.967895984649658,6.542302370071411
457,3.438865423202514,2.51747989654541,2.470521688461304,6.3828582763671875
458,3.084611892700196,2.467895984649658,2.462255954742432,5.832042694091797
459,3.456130027770996,2.523481130599976,2.9780473709106445,6.56943416595459
460,3.234043598175049,2.5351827144622803,2.4371283054351807,6.569085121154785
461,3.3230228424072266,2.501671314239502,2.83194899559021,6.331908226013184
462,3.4842026233673096,2.504032611846924,2.496328353881836,6.461995840072632
463,3.385254383087158,2.5004708766937256,2.4744136333465576,6.666254997253418
464,3.5390048027038574,2.5199084281921387,2.4741199016571045,6.545558214187622
465,3.5693016052246094,2.49695348739624,2.48034930229187,6.508798599243164
466,3.452693223953247,2.547213792800904,2.47688364982605,6.715028524398804
467,3.427027702331543,2.5655324459075928,2.49753212928772,6.523097991943359
468,3.1212432384490967,2.5597710609436035,2.481905937194824,6.529518365859985
469,3.152454137802124,2.525972604751587,2.4897735118865967,6.554886341094971
470,3.460590124130249,2.532479047775269,2.444017171859741,6.56419563293457
471,3.458358764648437,2.534449815750122,2.4985499382019043,6.424589395523071
472,3.218357563018799,2.5317420959472656,2.503377676010132,6.524354696273804
473,3.3878495693206787,2.580021619796753,2.5420572757720947,6.443634986877441
474,3.254316568374634,2.527561902999878,2.49941635131836,6.427805185317993
475,3.3394341468811035,2.4709665775299072,2.457756757736206,6.484397649765015
476,3.284830570220948,2.506915330886841,2.537574529647827,6.571685552597046
477,3.227778673171997,2.475591897964477,2.4828691482543945,6.398284912109375
478,3.305380582809448,2.5091912746429443,2.474696636199951,6.446661710739136
479,3.17375111579895,2.5286033153533936,2.453587770462036,6.566570281982422
480,3.210895776748657,2.539342403411865,2.513827085494995,6.513208627700806
481,3.1157023906707764,2.5287346839904785,2.5856778621673584,6.41780686378479
482,3.194011688232422,2.5574252605438232,2.483680486679077,6.578960657119751
483,3.2016491889953613,2.507657051086426,2.4842417240142822,6.585742950439453
484,3.1472713947296143,2.542539358139038,2.500420093536377,6.480665922164917
485,3.0948128700256348,2.5109505653381348,2.4295804500579834,6.507836580276489
486,3.2750539779663086,2.5205557346343994,2.3934478759765625,6.532032012939453
487,3.035825490951538,2.5038270950317383,2.361029863357544,6.493314504623413
488,3.1062142848968506,2.4935109615325928,2.401271104812622,6.316363573074341
489,3.107184171676636,2.5212512016296387,2.544534921646118,6.471395254135132
490,3.110678195953369,2.518348693847656,2.418931245803833,6.584626197814941
491,3.2537143230438232,2.526386022567749,2.4032466411590576,6.499056339263916
492,3.207941770553589,2.5048248767852783,2.3927900791168213,6.582197427749634
493,2.919989585876465,2.490180015563965,2.388669013977051,5.596250295639038
494,2.8895304203033447,2.4783997535705566,2.392712354660034,6.452240228652954
495,2.7144813537597656,2.46328067779541,2.3893187046051025,6.5530664920806885
496,2.725600004196167,2.4541945457458496,2.3972246646881104,6.518203258514404
497,2.8260512351989746,2.5353493690490723,2.3543171882629395,6.523695945739746
498,2.030906915664673,2.5230751037597656,2.342540740966797,4.407174110412598
499,2.760075569152832,2.5082476139068604,2.3291077613830566,6.569124460220337
500,2.7703373432159424,2.5257508754730225,2.352503061294556,6.573578119277954
501,0.5129120349884033,0.9438791275024414,2.412919044494629,1.1049280166625977
502,2.784687042236328,2.5283493995666504,2.358829498291016,6.450700759887695
503,0.1087379455566406,0.194443941116333,0.8444252014160156,0.21627497673034668
504,2.7746288776397705,2.5347213745117188,2.369446992874145,6.460345268249512
505,2.7611865997314453,2.491892576217652,2.3286209106445312,6.38360595703125
506,0.3998537063598633,0.7084536552429199,2.362867593765259,0.8516225814819336
507,0.23038911819458,0.4032559394836426,2.436467170715332,0.4862179756164551
508,2.793375492095948,2.5351245403289795,2.436368703842163,6.4204981327056885
509,2.3355743885040283,2.4821810722351074,2.4337446689605717,5.27737283706665
510,0.4053668975830078,0.7116599082946777,2.4037294387817383,0.8566217422485352
511,0.952174425125122,1.7459211349487305,2.3828914165496826,2.1172406673431396
512,1.9321749210357664,2.478926420211792,2.393202304840088,4.332095384597778
513,0.1379258632659912,0.2632272243499756,1.2384514808654783,0.3021125793457031
514,1.2818121910095217,2.431035041809082,2.727617025375366,2.92106556892395
515,0.3664107322692871,0.6920745372772217,2.431670427322388,0.8172898292541504
516,0.4786787033081054,0.9247031211853028,2.61182165145874,1.0841515064239502
517,2.760268211364746,2.505920648574829,2.3906705379486084,6.493195056915283
518,1.2935547828674316,2.3760831356048584,2.896466016769409,3.0529215335845947
519,0.4505000114440918,0.8774785995483398,2.585960149765014,1.0476036071777344
520,0.2175872325897216,0.4032046794891357,1.9889960289001465,0.4821932315826416
521,0.2761378288269043,0.5280313491821289,2.2527709007263184,0.6100864410400391
522,1.845674753189087,2.4809000492095947,2.327388048171997,4.14764928817749
523,2.7524638175964355,2.531351089477539,2.3456265926361084,6.474110841751099
524,0.2147173881530761,0.4229466915130615,1.7898540496826172,0.5003175735473633
525,2.734889268875122,2.517011404037476,2.3681981563568115,6.411844730377197
526,0.7901265621185303,1.4683680534362793,2.42375922203064,1.8634822368621826
527,1.155184984207153,2.163329839706421,2.406989574432373,2.5873115062713623
528,2.833694696426392,2.543367385864258,2.4186294078826904,6.5599870681762695
529,0.3736524581909179,0.7122931480407715,2.3979415893554688,0.8316705226898193
530,2.470101356506348,2.498389720916748,2.375159740447998,5.396322250366211
531,0.2707846164703369,0.4998910427093506,2.20383358001709,0.5917387008666992
532,0.4742860794067383,0.917015790939331,2.350707769393921,1.0649642944335938
533,2.79510760307312,2.518342971801758,2.348899602890014,6.418898820877075
534,0.1517343521118164,0.2703280448913574,1.213775634765625,0.303586483001709
535,0.7846906185150146,1.4819867610931396,2.3902158737182617,1.8530406951904297
536,2.766996383666992,2.4794938564300537,2.40686583518982,6.55575704574585
537,1.8752553462982176,2.521207332611084,2.3706278800964355,4.143327236175537
538,0.1366801261901855,0.254875898361206,1.124497890472412,0.2922861576080322
539,2.7187376022338867,2.527892827987671,2.4019546508789062,6.4360435009002686
540,2.8320562839508057,2.539657592773437,2.454077959060669,6.483525037765503
541,2.288159370422364,2.519282341003418,2.408827781677246,5.125793695449829
542,2.78065824508667,2.507791757583618,2.3988258838653564,6.5658509731292725
543,0.4703965187072754,0.9057407379150392,2.3922483921051025,1.1352927684783936
544,1.2945520877838137,2.462975025177002,2.4481868743896484,2.9094350337982178
545,0.2067303657531738,0.3973588943481445,1.7801971435546875,0.4624917507171631
546,0.1449131965637207,0.2856061458587646,1.2241885662078855,0.3248128890991211
547,0.6470069885253906,1.2210335731506348,2.4150550365448,1.4788906574249268
548,0.0968763828277587,0.1946313381195068,0.8370022773742676,0.23143601417541504
549,0.3820300102233886,0.7135751247406006,2.4379258155822754,0.869124174118042
550,2.844846487045288,2.502047300338745,2.3913462162017822,6.665637493133545
551,1.163748264312744,2.144781351089477,2.416149616241455,2.6085801124572754
552,0.6037166118621826,1.1261885166168213,2.381784439086914,1.3984594345092773
553,1.6742711067199707,2.501398801803589,2.480271339416504,3.762298107147217
554,2.799845933914185,2.501961708068848,2.463947057723999,6.407346963882446
555,2.065857172012329,2.528687000274658,2.4082398414611816,4.661689043045044
556,0.2199406623840332,0.4457459449768066,2.166468858718872,0.5011017322540283
557,1.2541897296905518,2.3364689350128174,2.450206756591797,2.838046073913574
558,2.740705966949463,2.5218958854675293,2.376652479171753,6.5824971199035645
559,2.095744609832764,2.470684051513672,2.438286781311035,4.953087568283081
560,2.950862407684326,2.503271579742432,2.4068076610565186,6.544421672821045
561,0.5193185806274414,0.9424278736114502,2.372891664505005,1.1890251636505127
562,0.8021304607391357,1.4309074878692627,2.441502094268799,1.7470099925994873
563,2.816464424133301,2.5154922008514404,2.4555463790893555,6.58388090133667
564,0.0487492084503173,0.0878427028656005,0.4733002185821533,0.11888861656188965
565,2.111538410186768,2.5203869342803955,2.4459073543548584,4.532390356063843
566,0.5021021366119385,0.9240856170654296,2.382394313812256,1.099867343902588
567,2.862173557281494,2.515249252319336,2.8863391876220703,6.3523547649383545
568,0.6502711772918701,1.2164037227630615,2.7234303951263428,1.5148634910583496
569,2.794000625610352,2.495887756347656,2.4568121433258057,6.5179924964904785
570,2.866690158843994,2.500314474105835,2.8998360633850098,6.540389776229858
571,0.1553518772125244,0.2665438652038574,1.2656538486480713,0.326155424118042
572,2.898344755172729,2.501178026199341,2.768685102462769,6.592815160751343
573,0.1722874641418457,0.3095221519470215,1.4295847415924072,0.3675117492675781
574,1.415034294128418,2.4685237407684326,2.454069137573242,3.390629291534424
575,2.732224941253662,2.527485609054565,2.564920425415039,6.737115383148193
576,2.7218542098999023,2.502357482910156,2.403733491897583,6.489991903305054
577,0.130324125289917,0.2397768497467041,1.096430778503418,0.2792317867279053
578,0.3831589221954345,0.7211399078369141,2.979682207107544,0.8266737461090088
579,2.824848890304565,2.4962875843048096,2.6382765769958496,6.4729883670806885
580,0.5784597396850586,1.0676405429840088,2.5265026092529297,1.2568366527557373
581,1.512653112411499,2.468607187271118,2.6511154174804688,3.358379364013672
582,2.716834545135498,2.4793529510498047,2.513934135437012,6.588627815246582
583,0.2435963153839111,0.4656274318695068,2.081267833709717,0.5454022884368896
584,2.778274774551392,2.503467798233032,2.438338279724121,6.51267147064209
585,0.6255333423614502,1.1638283729553225,2.435130834579468,1.4081552028656006
586,0.495152473449707,0.9321129322052002,2.42702865600586,1.0993311405181885
587,0.975555658340454,1.8554339408874512,2.4361162185668945,2.166149854660034
588,2.7582662105560303,2.5435731410980225,2.4125545024871826,6.504934787750244
589,0.9432435035705566,1.78471040725708,2.4520933628082275,2.122872829437256
590,2.7799670696258545,2.550861597061157,2.385094404220581,6.537465810775757
591,2.0834546089172363,2.5825562477111816,2.5346806049346924,4.909440994262695
592,0.1891276836395263,0.3682055473327636,1.6599750518798828,0.42119264602661133
593,0.2088913917541504,0.4130501747131347,1.929351091384888,0.45267152786254883
594,2.7951226234436035,2.548034191131592,2.4399819374084477,6.485695123672485
595,0.3931200504302978,0.7622485160827637,2.430572509765625,0.8381452560424805
596,2.6580140590667725,2.950757026672364,2.5366299152374268,5.9355456829071045
597,2.725003719329834,2.841071367263794,2.7084274291992188,6.569173097610474
598,0.126516580581665,0.2443058490753173,1.104875087738037,0.2752799987792969
599,0.9769620895385742,1.8425073623657229,2.3546948432922363,2.3094232082366943
600,2.876595497131348,2.5937840938568115,2.42729115486145,6.589505910873413
601,0.2607893943786621,0.4887425899505615,2.1938867568969727,0.558349609375
602,0.4811177253723144,0.9681000709533693,2.4366297721862797,1.0509495735168457
603,2.8005762100219727,2.6005563735961914,2.4409942626953125,6.579758167266846
604,0.8697733879089355,1.6241333484649658,2.424619197845459,1.9299371242523193
605,0.5002131462097168,0.9248261451721193,2.408280611038208,1.139965534210205
606,2.1705870628356934,2.5357935428619385,2.421076774597168,4.819659948348999
607,2.0726511478424072,2.599060297012329,2.4711179733276367,4.8274195194244385
608,2.142600774765014,2.533153533935547,2.4385697841644287,4.47639799118042
609,0.7884981632232666,1.3592627048492432,2.453862190246582,1.6357989311218262
610,0.1267635822296142,0.2181770801544189,0.9451158046722412,0.25337910652160645
611,0.1360754966735839,0.2390015125274658,1.0915579795837402,0.27574610710144043
612,1.214641809463501,2.12488317489624,2.4847328662872314,2.790207624435425
613,0.1571810245513916,0.286529541015625,1.2919933795928955,0.3408031463623047
614,1.2162973880767822,2.169161796569824,2.374356746673584,2.734706401824951
615,2.880394697189331,2.537003993988037,2.3452343940734863,6.608237981796265
616,0.9717357158660888,1.7746965885162354,2.391062021255493,2.1158077716827393
617,0.4524445533752441,0.8413944244384766,2.401820182800293,0.9642679691314697
618,1.7892684936523438,2.645693302154541,2.400563955307007,3.8719613552093506
619,0.4427366256713867,0.8929426670074463,2.3961057662963867,1.0062236785888672
620,2.2177658081054688,2.5414528846740723,2.315816640853882,4.5468430519104
621,1.5995473861694336,2.654638767242432,2.462495803833008,3.462052583694458
622,2.8423633575439453,2.633445978164673,2.4394664764404297,6.573134422302246
623,1.2071523666381836,2.297781467437744,2.42018723487854,2.6043193340301514
624,2.83849573135376,2.5672850608825684,2.459853172302246,6.349075555801392
625,0.5465977191925049,1.026777744293213,2.45002555847168,1.223818302154541
626,2.228754997253418,2.517878293991089,2.400962352752685,4.633489608764648
627,0.1305367946624755,0.2381749153137207,1.0753686428070068,0.2739853858947754
628,2.142311811447144,2.4971039295196533,2.4240970611572266,4.525538206100464
629,0.0909032821655273,0.1862483024597168,0.8250350952148438,0.20470571517944336
630,2.8111281394958496,2.5825235843658447,2.4110512733459477,6.4592485427856445
631,2.7887394428253174,2.5348594188690186,2.378929376602173,6.506626129150391
632,2.76657509803772,2.4886748790740967,2.49564790725708,6.404344320297241
633,0.7908241748809814,1.4850285053253174,2.4935555458068848,1.8697154521942139
634,0.9997608661651612,1.8733665943145752,2.4600205421447754,2.3348724842071533
635,2.785367488861084,2.640778064727783,2.381132841110229,6.525976657867432
636,2.821770668029785,2.553619146347046,2.4425551891326904,6.564069986343384
637,0.9362061023712158,1.7279114723205566,2.37888240814209,2.017547130584717
638,0.065669298171997,0.126605749130249,0.633913516998291,0.16171050071716309
639,0.1913411617279052,0.3561835289001465,1.568274974822998,0.4228365421295166
640,2.8429198265075684,2.591689348220825,2.387795209884644,6.447956085205078
641,0.5584735870361328,1.0628600120544434,2.400883674621582,1.1978962421417236
642,2.835875988006592,2.570820569992065,2.4141838550567627,6.544945478439331
643,2.8467183113098145,2.515536069869995,2.3477330207824707,6.631826639175415
644,2.805883884429932,2.545246362686157,2.6299924850463867,6.413089275360107
645,1.9887564182281487,2.6510634422302246,2.3733460903167725,4.144497394561768
646,1.8229403495788568,2.5122549533843994,2.368571281433105,3.835707902908325
647,0.6655142307281494,1.2147595882415771,2.3525712490081787,1.4585092067718506
648,0.216632604598999,0.4085457324981689,1.974082469940185,0.46525025367736816
649,2.786352634429932,2.58708930015564,2.411950826644897,6.380012512207031
650,0.1370875835418701,0.2786507606506347,1.1265411376953125,0.2772676944732666
651,2.741495609283448,2.648401021957397,2.4502501487731934,6.505953073501587
652,0.3901371955871582,0.7272539138793945,2.4836344718933105,0.8471405506134033
653,0.082101821899414,0.1793138980865478,0.8325717449188232,0.2024531364440918
654,1.405383825302124,2.515249967575073,2.375507116317749,3.246314525604248
655,2.8324122428894043,2.579968214035034,2.3550596237182617,6.553349256515503
656,2.816474676132202,2.574652910232544,2.4202775955200195,6.443111419677734
657,2.846484661102295,2.5943949222564697,2.4463818073272705,6.56988000869751
658,2.8356308937072754,2.6087982654571533,2.443222522735596,6.618381977081299
659,0.3942592144012451,0.7411398887634277,2.4013795852661133,0.8352224826812744
660,2.3609018325805664,2.5855929851531982,2.4285900592803955,5.1718056201934814
661,2.8022522926330566,2.5895018577575684,2.443052053451538,6.525219202041626
662,0.495410680770874,0.92626953125,2.439884662628174,1.078766107559204
663,2.400472402572632,2.575087785720825,2.4303524494171143,5.093043565750122
664,0.7260668277740479,1.341827630996704,2.402628898620605,1.7093143463134766
665,0.0684225559234619,0.1702814102172851,0.7375576496124268,0.19022250175476074
666,2.7993152141571045,2.562727451324463,2.4438822269439697,6.451339244842529
667,0.3849678039550781,0.7323100566864014,2.4464478492736816,0.8386783599853516
668,2.807882070541382,2.5329232215881348,2.439737319946289,6.5481040477752686
669,2.8561508655548096,2.5110135078430176,2.9235143661499023,6.490803480148315
670,2.8344621658325195,2.523838520050049,2.491351366043091,6.426587343215942
671,0.130652904510498,0.2401318550109863,1.0868442058563232,0.26386046409606934
672,0.1673316955566406,0.3150033950805664,1.4635426998138428,0.34947657585144043
673,2.863887310028076,2.529543161392212,2.5085527896881104,6.522043704986572
674,1.699876308441162,2.5850305557250977,2.5352911949157715,3.6417675018310547
675,0.1154568195343017,0.2263236045837402,0.9762511253356934,0.23492193222045898
676,1.1954607963562012,2.215827703475952,2.506000280380249,2.5842082500457764
677,0.3949270248413086,0.7571325302124023,2.6380789279937744,0.8729422092437744
678,1.1910181045532229,2.177276372909546,2.548262596130371,2.8090131282806396
679,0.1309511661529541,0.2428970336914062,1.1401500701904297,0.2794620990753174
680,2.857840061187744,2.558659315109253,3.1384053230285645,6.485633373260498
681,2.83962345123291,2.592175245285034,2.9226677417755127,6.397094011306763
682,2.824887752532959,2.562429666519165,2.4107697010040283,6.58144474029541
683,0.8895034790039062,1.6874303817749023,2.457791566848755,1.89107346534729
684,0.5273187160491943,1.0221185684204102,2.390267848968506,1.2006280422210693
685,2.8000969886779785,2.561815023422241,2.417384624481201,6.5328779220581055
686,1.2152738571166992,2.257086992263794,2.4547460079193115,2.5900795459747314
687,0.7011978626251221,1.3317887783050537,2.486999750137329,1.5631747245788574
688,2.827350854873657,2.572850227355957,2.4217634201049805,6.531152248382568
689,2.8735620975494385,2.5352354049682617,2.4737043380737305,6.4626171588897705
690,2.835234403610229,2.525106191635132,2.392909288406372,6.5663769245147705
691,0.3984301090240478,0.7485909461975098,2.578086376190185,0.8715827465057373
692,2.826555252075196,2.555061101913452,2.6142098903656006,6.491085529327393
693,0.4906001091003418,0.9315261840820312,2.438473463058472,1.096611738204956
694,0.2183024883270263,0.3889458179473877,2.017519950866699,0.460524320602417
695,0.6737077236175537,1.2145426273345947,2.442765474319458,1.4725275039672852
696,1.1952481269836426,2.1620395183563232,2.437385082244873,2.6251413822174072
697,2.1664927005767822,2.496750593185425,2.4325668811798096,4.638970136642456
698,2.8773350715637207,2.493236303329468,2.4476797580718994,6.523627281188965
699,2.8318521976470947,2.514042615890503,2.4041874408721924,6.499746084213257
700,0.6472318172454834,1.177788496017456,2.400165557861328,1.4563560485839844
701,2.823302984237671,2.49264931678772,2.422835111618042,6.4873785972595215
702,1.1832489967346191,2.1461517810821533,2.444883108139038,2.7979702949523926
703,2.83042311668396,2.4954538345336914,2.423856735229492,6.428984880447388
704,0.5096457004547119,0.9080486297607422,2.4391133785247803,1.082613229751587
705,2.289026975631714,2.468821287155152,2.468052387237549,4.951691150665283
706,0.0736827850341796,0.1403777599334716,0.6509661674499512,0.16082167625427246
707,2.847707271575928,2.5004069805145264,2.4708328247070312,6.4818665981292725
708,1.1506285667419434,2.0428543090820312,2.431800842285156,2.655721426010132
709,2.8446431159973145,2.5341997146606445,2.443777322769165,6.4661664962768555
710,0.3566493988037109,0.6807878017425537,2.4604218006134038,0.8010902404785156
711,2.776604175567627,2.622095823287964,2.466883659362793,6.414268255233765
712,0.4952661991119385,0.9207947254180908,2.4226067066192627,1.0426874160766602
713,0.8127939701080322,1.4798898696899414,2.433518171310425,1.7573027610778809
714,0.475975751876831,0.8894729614257812,2.4441208839416504,1.0177686214447021
715,2.8412885665893555,2.5467007160186768,2.421546220779419,6.522066831588745
716,0.3800280094146728,0.728358268737793,2.439162015914917,0.8564081192016602
717,2.857921838760376,2.519750595092773,2.40932846069336,6.536681652069092
718,0.4977858066558838,0.967620849609375,2.450388669967652,1.0753014087677002
719,0.1901967525482177,0.3686456680297851,1.6688940525054932,0.3932304382324219
720,2.148695468902588,2.505731105804444,2.4348762035369877,4.5589635372161865
721,0.496056318283081,0.9249708652496338,2.4771502017974854,1.0988223552703857
722,0.0778582096099853,0.1488115787506103,0.6895008087158203,0.17227602005004883
723,2.430833101272583,2.528775691986084,2.4596283435821533,5.34880256652832
724,0.7080478668212891,1.3556180000305176,2.462294578552246,1.567089557647705
725,0.1334106922149658,0.2427871227264404,1.0932285785675049,0.282473087310791
726,0.0157818794250488,0.0501835346221923,0.2779829502105713,0.0673532485961914
727,2.8398125171661377,2.604422092437744,2.437629222869873,6.4360432624816895
728,0.3953645229339599,0.7302277088165283,2.48551607131958,0.8423192501068115
729,2.169761896133423,2.5042037963867188,2.4551937580108643,5.1680827140808105
730,0.2326688766479492,0.4286534786224365,2.0352718830108643,0.48996806144714355
731,0.3689067363739013,0.6962728500366211,2.481834650039673,0.7920355796813965
732,2.7859601974487305,2.5653328895568848,2.495723009109497,6.434275388717651
733,1.205010175704956,2.166592597961426,2.4704339504241943,2.6459453105926514
734,2.767462491989136,2.529147148132324,2.4186313152313232,6.548644781112671
735,2.807147026062012,2.5509588718414307,2.4477298259735107,6.448504686355591
736,1.854386568069458,2.539313793182373,2.471040725708008,3.8032941818237305
737,0.7935900688171387,1.4810521602630615,2.442077159881592,1.721848964691162
738,0.5462203025817871,1.022801160812378,2.4210150241851807,1.2060928344726562
739,0.8617391586303711,1.586005926132202,2.504723310470581,1.8922600746154785
740,0.831242561340332,1.5557434558868408,2.4773499965667725,1.8552980422973633
741,1.2230851650238037,2.2481918334960938,2.463319063186645,2.6473379135131836
742,0.3784332275390625,0.7025692462921143,2.4937212467193604,0.8215408325195312
743,2.81003475189209,2.501044511795044,2.50205135345459,6.476338863372803
744,0.4024145603179931,0.7576475143432617,2.467886686325073,0.8760766983032227
745,1.1413424015045166,2.1000328063964844,2.497166395187378,2.462414026260376
746,1.597165822982788,2.5371456146240234,2.4648303985595703,3.4054646492004395
747,0.2263283729553222,0.4229984283447265,1.8428246974945068,0.4671821594238281
748,0.4685869216918945,0.9281492233276368,2.435904264450073,1.0439786911010742
749,1.3656620979309082,2.5470664501190186,2.451087236404419,2.853942632675171
750,2.7534046173095703,3.0239999294281006,2.46333909034729,6.407855033874512
751,0.081871747970581,0.2076272964477539,0.7556459903717041,0.18247532844543457
752,2.7707018852233887,2.5988848209381104,2.4431042671203613,6.423439025878906
753,0.226017951965332,0.4320003986358642,1.8640103340148928,0.4832606315612793
754,0.3784403800964355,0.7537319660186768,2.444018840789795,0.8555452823638916
755,0.2382187843322754,0.4605982303619385,2.066991090774536,0.5112340450286865
756,0.3840789794921875,0.7048816680908203,2.355461597442627,0.8364393711090088
757,2.298041820526123,2.46114468574524,2.355796337127685,4.871519327163696
758,0.1262154579162597,0.2314462661743164,1.0047063827514648,0.26433873176574707
759,2.8128421306610107,2.499530792236328,2.3848893642425537,6.3615734577178955
760,2.856877326965332,2.471627950668335,2.4282476902008057,6.544668674468994
761,0.5093154907226562,0.9284005165100098,2.373605728149414,1.0957987308502197
762,2.777456760406494,2.512786388397217,2.463543176651001,5.954891204833984
763,2.775315761566162,2.520089626312256,2.464569568634033,6.341149806976318
764,2.1033942699432373,2.5493736267089844,2.4269819259643555,4.9360480308532715
765,0.3324692249298095,0.6318907737731934,2.4969024658203125,0.7038404941558838
766,2.764540433883667,2.5232157707214355,2.4655838012695312,6.350603103637695
767,0.2214653491973877,0.4128775596618652,1.893155574798584,0.4584534168243408
768,1.1784617900848389,2.178320407867432,2.5030951499938965,2.550586223602295
769,0.8133072853088379,1.525562047958374,2.4416098594665527,1.8439991474151611
770,0.2207980155944824,0.4186668395996094,1.9191255569458008,0.48725366592407227
771,2.222909688949585,2.5222737789154053,2.4529199600219727,5.35626745223999
772,1.657419204711914,2.523383378982544,2.497006893157959,3.911895275115967
773,2.736901998519897,2.526315689086914,2.4509685039520264,6.479097366333008
774,0.1272094249725341,0.2462902069091797,1.0770759582519531,0.26543402671813965
775,0.1233413219451904,0.2381393909454345,1.055055856704712,0.26584601402282715
776,2.733731508255005,2.540740728378296,2.4675087928771973,6.416131973266602
777,2.190026044845581,2.5336482524871826,2.6055984497070312,5.212115526199341
778,1.5677170753479004,2.529571533203125,2.4082419872283936,3.331295967102051
779,0.658517599105835,1.277132511138916,2.395792245864868,1.4600985050201416
780,2.769296407699585,2.542355298995972,2.4399237632751465,6.512090444564819
781,2.803313732147217,2.5687811374664307,2.438434362411499,6.509742021560669
782,0.8058614730834961,1.505363702774048,2.42694091796875,1.752939224243164
783,0.1602921485900879,0.3036000728607178,1.3248569965362549,0.33876466751098633
784,2.829806327819824,2.5467023849487305,2.4332940578460693,6.557240724563599
785,0.1413993835449218,0.2782416343688965,1.217145919799805,0.30852842330932617
786,0.3226215839385986,0.632789134979248,2.425986051559448,0.7258548736572266
787,2.1050143241882324,2.578333139419556,2.510886907577514,4.6329028606414795
788,2.7619638442993164,2.9241111278533936,2.3938536643981934,6.592788219451904
789,2.595167636871338,2.614659309387207,2.441578865051269,5.621092081069946
790,1.7970006465911863,2.6011505126953125,2.495117664337158,3.9119131565093994
791,2.788440704345703,2.55654525756836,2.468315601348877,6.542349100112915
792,2.821128368377685,2.538205146789551,2.471800804138184,6.453285217285156
793,0.2215442657470703,0.4222030639648437,1.8557806015014648,0.4643988609313965
794,0.6547324657440186,1.2012109756469729,2.458871364593506,1.4513812065124512
795,2.7964463233947754,2.687541961669922,2.487090349197388,6.5654191970825195
796,2.7957851886749268,2.620142698287964,2.377084732055664,6.46679949760437
797,2.317582607269287,2.606710195541382,2.395772695541382,5.024894952774048
798,0.483499526977539,0.9512991905212402,2.4506046772003174,1.1086933612823486
799,1.2435848712921145,2.30232310295105,2.388817071914673,2.8740017414093018
800,2.7944319248199463,2.538095712661743,2.434650421142578,6.3452606201171875
801,0.8781392574310303,1.616344690322876,2.469496488571167,1.9402828216552734
802,1.7302589416503906,2.5410611629486084,2.429187774658203,3.5857579708099365
803,0.0703556537628173,0.1365771293640136,0.6126694679260254,0.15224051475524902
804,2.828275680541992,2.540326833724976,2.4408657550811768,6.558337926864624
805,0.5776546001434326,1.184459924697876,2.4703023433685303,1.2902452945709229
806,2.131387233734131,2.645937204360962,2.3798694610595703,5.034134149551392
807,2.8348076343536377,2.6364378929138184,2.431269407272339,6.554301738739014
808,0.3859603404998779,0.7555034160614014,2.452511787414551,0.8317179679870605
809,0.9058775901794434,1.6941099166870115,2.450312852859497,1.998725414276123
810,1.191706895828247,2.26625919342041,2.466440439224243,2.5886714458465576
811,2.9262611865997314,2.580454111099243,2.46945595741272,6.523716449737549
812,0.4088959693908691,0.7553305625915527,2.471512794494629,0.8694758415222168
813,2.465578556060791,2.5786209106445312,2.451284885406494,5.266256093978882
814,0.1714155673980713,0.3160550594329834,1.377990961074829,0.34128808975219727
815,0.1500062942504882,0.288754940032959,1.2459630966186523,0.3045358657836914
816,1.079728364944458,2.0341665744781494,2.416269063949585,2.3481223583221436
817,0.8066489696502686,1.5223054885864258,2.4472694396972656,1.749912977218628
818,2.825781345367432,2.553054094314575,2.4612576961517334,6.550171852111816
819,0.3964664936065674,0.7500801086425781,2.421117782592773,0.8558082580566406
820,2.197796106338501,2.531546831130981,2.4531948566436768,4.764066696166992
821,0.982501745223999,1.839616298675537,2.447420597076416,2.1367950439453125
822,2.826627731323242,2.532899856567383,2.6309289932250977,6.482609272003174
823,2.8172168731689453,2.569139242172241,2.6638574600219727,6.324373722076416
824,2.8484039306640625,2.5701122283935547,2.4400408267974854,6.380739212036133
825,0.2542893886566162,0.4853487014770508,2.1144204139709477,0.5130083560943604
826,0.5748567581176758,1.0903878211975098,2.3923046588897705,1.2486295700073242
827,0.418790340423584,0.7666642665863037,2.3865714073181152,0.8848638534545898
828,2.855719327926636,2.5443928241729736,2.382838726043701,6.573817253112793
829,0.2078816890716552,0.3956999778747558,1.6867003440856934,0.437288761138916
830,0.2076094150543213,0.401728868484497,1.6783781051635742,0.43830370903015137
831,2.8490891456604004,2.528114557266236,2.38381290435791,6.466964483261108
832,2.851611375808716,2.511164903640747,2.425971031188965,6.500727653503418
833,2.8374829292297363,2.525164604187012,2.394056558609009,6.511817693710327
834,2.123110294342041,2.509894609451294,2.389310836791992,4.56769871711731
835,0.4890358448028564,0.9135532379150392,2.3609719276428223,1.0817005634307861
836,0.3890419006347656,0.7137653827667236,2.348247766494751,0.8568263053894043
837,0.8032994270324707,1.5101962089538574,2.373070478439331,1.7669970989227295
838,0.2259786128997802,0.4230821132659912,1.8665926456451416,0.4911978244781494
839,1.710927963256836,2.4719252586364746,2.398711919784546,3.7625277042388916
840,2.844022989273072,2.51479721069336,2.3666698932647705,6.5643041133880615
841,1.7472126483917236,2.5312931537628174,2.3618502616882324,4.026517152786255
842,0.1610627174377441,0.3058068752288818,1.329162359237671,0.33748888969421387
843,2.196579694747925,2.486208915710449,2.3316574096679688,4.74555778503418
844,0.3173704147338867,0.5451710224151611,2.3142623901367188,0.6479153633117676
845,0.4078500270843506,0.7165811061859131,2.383497714996338,0.9160916805267334
846,2.804466962814331,2.50166392326355,2.377237558364868,6.563451528549194
847,0.2385468482971191,0.4371206760406494,1.948192834854126,0.4829292297363281
848,2.792750120162964,2.5609891414642334,2.494209289550781,6.533998727798462
849,2.8146779537200928,2.5400006771087646,2.457552194595337,6.363685369491577
850,0.8210070133209229,1.517498254776001,2.6047701835632324,1.809713363647461
851,2.784163236618042,2.503060102462769,2.461423635482788,6.369487762451172
852,0.3125896453857422,0.615576982498169,2.40427565574646,0.7004914283752441
853,0.3347260951995849,0.6118183135986328,2.415585517883301,0.7290642261505127
854,2.8021786212921143,2.6253325939178467,2.416844129562378,6.35220742225647
855,0.1528627872467041,0.2981159687042236,1.250504732131958,0.313234806060791
856,1.2287113666534424,2.3515334129333496,2.4391989707946777,2.6362738609313965
857,2.12744402885437,2.5007026195526123,2.449249267578125,4.511837959289551
858,2.795349836349488,2.549803733825684,2.473597764968872,6.511615037918091
859,2.8110804557800293,2.546332359313965,2.381272077560425,6.277125835418701
860,2.8337507247924805,2.5157718658447266,2.412904977798462,6.548250675201416
861,0.9391887187957764,1.7399859428405762,2.423212766647339,2.098020076751709
862,2.836667060852051,2.5791494846343994,2.4313387870788574,6.462533950805664
863,0.6044514179229736,1.1268911361694336,2.4021122455596924,1.345590591430664
864,0.6455967426300049,1.1989877223968506,2.3348522186279297,1.4391283988952637
865,0.1255102157592773,0.2233719825744629,1.0250747203826904,0.26425766944885254
866,0.5599508285522461,1.051529884338379,2.325265407562256,1.3159546852111816
867,0.7798585891723633,1.4851763248443604,2.358424425125122,1.801687479019165
868,0.385521650314331,0.7064716815948486,2.335613250732422,0.8437838554382324
869,0.1815681457519531,0.3518202304840088,1.5506889820098877,0.3952620029449463
870,0.8716380596160889,1.5469567775726318,2.305941581726074,1.9383258819580078
871,1.1848962306976318,2.2318203449249268,2.413107395172119,2.7182533740997314
872,1.323751449584961,2.435351848602295,2.374198198318481,2.8199613094329834
873,2.2490434646606445,2.549629211425781,2.376966714859009,4.808234691619873
874,0.794715166091919,1.5060930252075195,2.349367618560791,1.7885100841522217
875,0.8494813442230225,1.6422932147979736,2.3502116203308105,1.950404405593872
876,1.940498113632202,2.636727333068848,2.369385242462158,4.178042888641357
877,2.790600061416626,2.600716590881348,2.396027088165283,6.476523399353027
878,0.8337399959564209,1.5700697898864746,2.4174158573150635,1.780040979385376
879,2.487895965576172,2.5604817867279053,2.4303696155548096,5.147641658782959
880,0.0837836265563964,0.1665136814117431,0.7656567096710205,0.1896226406097412
881,2.764340877532959,2.531524419784546,2.452645778656006,6.578588485717773
882,0.2121798992156982,0.4198901653289795,1.9139931201934812,0.48399949073791504
883,0.7970237731933594,1.5014727115631104,2.408249616622925,1.7989513874053955
884,0.239696979522705,0.4353837966918945,1.846406936645508,0.4987342357635498
885,2.1150035858154297,2.584714412689209,2.3213741779327397,4.942065954208374
886,2.8537988662719727,2.553706645965576,2.389687776565552,6.503869533538818
887,0.991523265838623,1.8304462432861328,2.384235620498657,2.1918418407440186
888,2.766725778579712,2.545595169067383,2.4078733921051025,6.511031150817871
889,2.813819169998169,2.5441644191741943,2.3907992839813232,6.364771127700806
890,2.8097033500671387,2.582899332046509,2.374696016311645,6.556358337402344
891,0.3954379558563232,0.7266194820404053,2.4536049365997314,0.8944101333618164
892,2.822542905807495,2.5467171669006348,2.3980274200439453,6.4179322719573975
893,2.802781581878662,2.536745309829712,2.373521566390991,6.542630910873413
894,1.2052559852600098,2.170358657836914,2.383171796798706,2.556138753890991
895,0.1810295581817627,0.3091366291046142,1.7976486682891846,0.35359764099121094
896,2.833712577819824,2.53897476196289,2.6809630393981934,6.405283212661743
897,2.82920789718628,2.568882465362549,2.668184518814087,6.383340835571289
898,2.838100910186768,2.628633737564087,2.546053171157837,6.51528787612915
899,0.0816273689270019,0.1635749340057373,0.8635373115539551,0.1809391975402832
900,2.8110854625701904,2.5916903018951416,2.6226580142974854,6.467569589614868
901,2.147836923599243,2.56512451171875,2.7516610622406006,4.674955368041992
902,2.88151216506958,2.5523130893707275,2.8431501388549805,6.527650833129883
903,0.0913918018341064,0.1786541938781738,0.9222633838653564,0.20087146759033203
904,0.6264903545379639,1.1465611457824707,3.071397542953491,1.3831732273101807
905,1.1827850341796875,2.18039345741272,2.4067773818969727,2.728983163833618
906,0.069455862045288,0.1249110698699951,0.5825159549713135,0.1534895896911621
907,0.3749189376831054,0.726341724395752,2.4795238971710205,0.830869197845459
908,0.3331830501556396,0.643221378326416,2.45835542678833,0.7191481590270996
909,2.194442749023437,2.560889720916748,2.488374710083008,5.101423740386963
910,0.1833729743957519,0.3149728775024414,1.5790579319000244,0.37391138076782227
911,1.2481775283813477,2.2878551483154297,2.480886936187744,2.9096550941467285
912,0.0816738605499267,0.1575067043304443,0.7498066425323486,0.1868908405303955
913,1.342634677886963,2.4220807552337646,2.5508296489715576,2.879694700241089
914,0.3889369964599609,0.7242481708526611,2.524895191192627,0.887223482131958
915,1.3877675533294678,2.531323432922364,2.518937110900879,3.108003616333008
916,1.8901724815368648,2.47739315032959,2.526132345199585,4.216523885726929
917,2.826765537261963,2.5089471340179443,2.5519559383392334,6.527895212173462
918,2.8600661754608154,2.482656955718994,2.5378262996673584,6.421165227890015
919,2.17970871925354,2.461721897125244,2.58215069770813,5.067046642303467
920,2.773874998092652,2.4827513694763184,2.533026933670044,6.5624754428863525
921,0.7549898624420166,1.395000457763672,2.66419005393982,1.6429145336151123
922,2.120476722717285,2.5372557640075684,2.5155153274536133,4.675233840942383
923,0.1584799289703369,0.3028078079223633,1.289283275604248,0.32810378074645996
924,0.9293484687805176,1.7140815258026123,2.5098178386688232,2.034655809402466
925,1.4883296489715576,2.4805262088775635,2.508492946624756,3.150315761566162
926,2.806905031204224,2.477726936340332,2.546302556991577,6.538655757904053
927,0.0655572414398193,0.1219711303710937,0.5708677768707275,0.14281845092773438
928,0.5313973426818848,0.984487533569336,2.4947991371154785,1.1767876148223877
929,0.2321128845214843,0.4184331893920898,2.0104284286499023,0.4885420799255371
930,2.8138551712036133,2.546987295150757,2.477987766265869,6.576993703842163
931,0.3793678283691406,0.7168753147125244,2.4761106967926025,0.8492343425750732
932,0.6555945873260498,1.2239773273468018,2.493541717529297,1.4958066940307617
933,0.3758618831634521,0.7177636623382568,2.428595542907715,0.8273663520812988
934,2.791044950485229,2.5611677169799805,2.485131025314331,6.40549111366272
935,2.8493051528930664,2.508730888366699,2.535573959350586,6.499728679656982
936,1.7400522232055664,2.523405075073242,2.472975730895996,3.7023496627807617
937,1.196159601211548,2.2347261905670166,2.49845552444458,2.8390355110168457
938,2.818766593933105,2.4932427406311035,2.4899344444274902,6.430201768875122
939,2.782627582550049,2.536096811294556,2.4294209480285645,6.345009088516235
940,2.785733938217163,2.594648122787476,2.430899143218994,6.350171327590942
941,1.676849126815796,2.510934591293335,2.4100887775421143,3.4447412490844727
942,1.3526411056518557,2.463385820388794,2.375282287597656,2.933441162109375
943,0.3927285671234131,0.7128536701202393,2.430809259414673,0.8149325847625732
944,2.7908313274383545,2.5189337730407715,2.457634210586548,6.5724287033081055
945,1.5346136093139648,2.488264560699463,2.4652533531188965,3.2065975666046143
946,0.7942225933074951,1.4731733798980713,2.4746038913726807,1.8865985870361328
947,0.2368679046630859,0.4380481243133545,2.15887188911438,0.4992210865020752
948,0.3781602382659912,0.7206499576568604,2.441967010498047,0.8453030586242676
949,2.8193655014038086,2.563605308532715,2.4585182666778564,6.559498071670532
950,2.856550693511963,2.5429255962371826,2.434128761291504,6.344203233718872
951,2.812708854675293,2.5254364013671875,2.461038827896118,6.407581329345703
952,2.804261922836304,2.5220351219177246,2.465093851089477,6.465696334838867
953,0.2199239730834961,0.4049766063690185,1.920757293701172,0.44511890411376953
954,0.2232546806335449,0.435835599899292,1.9615087509155276,0.4634253978729248
955,2.83904242515564,2.5407278537750244,2.4188098907470703,6.363466262817383
956,2.843827962875366,2.638739824295044,2.36274528503418,6.338378667831421
957,0.5082831382751465,0.949881076812744,2.4000751972198486,1.1384716033935547
958,0.1517891883850097,0.2733638286590576,1.20202374458313,0.315887451171875
959,0.1835660934448242,0.3338303565979004,1.477661371231079,0.36690759658813477
960,2.636021614074707,2.5580761432647705,2.447422981262207,5.471846580505371
961,0.6811933517456055,1.3046259880065918,2.4503426551818848,1.5029466152191162
962,0.1072843074798584,0.2027764320373535,0.8443734645843506,0.2102372646331787
963,0.7172298431396484,1.369401931762695,3.044253349304199,1.5848422050476074
964,0.3780674934387207,0.7156970500946045,2.453913450241089,0.8268373012542725
965,2.163914680480957,2.5312938690185547,2.8741235733032227,4.551821947097778
966,1.9195349216461184,2.515381336212158,2.697537422180176,3.994424343109131
967,2.8275375366210938,2.5194249153137207,2.443403482437134,6.458679437637329
968,2.7607874870300293,2.509894609451294,2.374497652053833,6.53557014465332
969,2.784735202789306,2.52438759803772,2.3799474239349365,6.516690015792847
970,1.4127578735351562,2.4765219688415527,2.3943839073181152,3.0799403190612793
971,0.1240477561950683,0.2336370944976806,1.0487430095672607,0.2656135559082031
972,2.7584779262542725,2.534077405929565,2.4211947917938232,6.564264535903931
973,2.794145345687866,2.5316755771636963,2.4260778427124023,6.44947624206543
974,2.7339353561401367,2.633761644363404,2.4333691596984863,6.595916748046875
975,0.2232258319854736,0.4292373657226562,2.0287818908691406,0.4836726188659668
976,0.208097219467163,0.392404556274414,1.948192119598389,0.4381377696990967
977,1.6732842922210691,2.553990364074707,2.462324619293213,3.458793878555298
978,0.375185489654541,0.7246756553649902,2.417632579803467,0.8595991134643555
979,0.4800658226013183,0.9248757362365724,2.386948823928833,1.0989477634429932
980,2.7642033100128174,2.5298964977264404,3.311340570449829,6.554879188537598
981,2.1446127891540527,2.5527477264404297,2.6974923610687256,5.003924608230591
982,2.1725308895111084,2.5493741035461426,2.9054651260375977,4.983698606491089
983,0.2859787940979004,0.5471055507659912,2.580003261566162,0.6288180351257324
984,0.234623908996582,0.451988935470581,2.208266258239746,0.4970121383666992
985,2.753623962402344,2.5508363246917725,3.10726261138916,6.534245252609253
986,2.7610301971435547,2.500396013259888,2.5616555213928223,6.515799045562744
987,0.7925980091094971,1.4764056205749512,2.6676547527313232,1.7688286304473877
988,0.1492538452148437,0.2937734127044678,1.3234913349151611,0.3063087463378906
989,2.7321910858154297,2.5209848880767822,2.5941147804260254,6.7087578773498535
990,1.1933209896087646,2.2165403366088867,2.5871946811676025,2.783682346343994
991,1.1946909427642822,2.2133731842041016,2.5928072929382324,2.7272746562957764
992,0.7945902347564697,1.4824926853179932,2.697515726089477,1.9376521110534668
993,0.706575870513916,1.2965092658996582,2.611417055130005,1.7498352527618408
994,2.814284324645996,2.5157063007354736,2.537534713745117,6.832161903381348
995,2.808789730072021,2.5586557388305664,2.505157709121704,6.685939788818359
996,2.7954204082489014,2.55269193649292,3.731590986251831,6.631393194198608
997,2.768582344055176,2.5360939502716064,2.777076005935669,6.601783514022827
998,2.773498296737671,2.4946908950805664,2.567014694213867,6.457306861877441
999,2.758817195892334,2.5662436485290527,2.532451868057251,6.376454830169678
