0.0008417326607741416,0
0.03190964087843895,0
0.0010842439951375127,0
0.46692997217178345,0
0.00926613062620163,0
0.007695231586694717,0
0.008273291401565075,0
0.010713540948927402,0
1.8339045709581114e-05,0
0.4539342224597931,0
0.0015180462505668402,0
0.014871052466332912,0
0.12574468553066254,0
0.6817072629928589,0
0.7784134745597839,0
0.2716255784034729,0
0.17492936551570892,0
6.735173519700766e-05,0
0.07630746811628342,0
0.0007785495254211128,0
0.004078701604157686,0
0.00025695792282931507,0
3.28583519149106e-05,0
0.0036441306583583355,0
0.00047339292359538376,0
0.2716129422187805,0
0.03211328759789467,0
0.00012878501729574054,0
5.790736395283602e-05,0
0.08187764137983322,0
8.619407890364528e-05,0
0.0008591698715463281,0
0.09496964514255524,0
0.3981515169143677,0
1.9081526261288673e-05,0
1.3001995284867007e-05,0
0.025132739916443825,0
0.0762513056397438,0
0.8639088273048401,0
0.29904574155807495,0
0.009533213451504707,0
0.11241170018911362,0
0.0035976613871753216,0
0.12382311373949051,0
6.194774323375896e-05,0
0.0015167174860835075,0
0.00904177874326706,0
0.002093635033816099,0
0.16271325945854187,0
8.857059583533555e-06,0
0.006968812085688114,0
0.014854134991765022,0
0.0004663181316573173,0
0.0010858150199055672,0
0.04890970140695572,0
0.11469532549381256,0
0.43495461344718933,0
0.0021655240561813116,0
0.03184093162417412,0
0.007014338858425617,0
0.39813607931137085,0
0.00029705846100114286,0
9.920152660924941e-05,0
0.049242302775382996,0
0.9972718358039856,0
8.265244105132297e-05,0
5.857070937054232e-05,0
0.05299011245369911,0
0.041846852749586105,0
0.028822850435972214,0
0.0060485112480819225,0
0.006958900485187769,0
2.4742584869841266e-08,0
1.859429055173223e-08,0
0.07982265949249268,0
0.23485402762889862,0
0.025918401777744293,0
0.018751194700598717,0
0.5339492559432983,0
0.002699407981708646,0
0.006962021347135305,0
0.0006417285185307264,0
0.0008230997482314706,0
0.0021504631731659174,0
0.3165995478630066,0
0.04149862751364708,0
0.025621680542826653,0
0.5606176257133484,0
0.2541981041431427,0
0.0013154272455722094,0
0.084804005920887,0
0.0041424925439059734,0
0.01149576622992754,0
0.030294444411993027,0
6.62348757032305e-05,0
0.19657132029533386,0
0.980103075504303,0
0.999433696269989,0
0.0032817814499139786,0
0.008194057270884514,0
0.0001406134688295424,0
0.9657592177391052,1
0.9195266366004944,1
0.9597959518432617,1
0.3870604634284973,1
0.9975718855857849,1
0.9298030734062195,1
0.885934591293335,1
0.9327822923660278,1
0.9437456727027893,1
0.6810823082923889,1
0.7991252541542053,1
0.9933725595474243,1
0.8335914015769958,1
0.8457506895065308,1
0.9917016625404358,1
0.9334173798561096,1
0.8874812126159668,1
0.9652279615402222,1
0.9589805006980896,1
0.9517723917961121,1
0.8658226728439331,1
0.5753132700920105,1
0.8054541349411011,1
0.6295576691627502,1
0.5738808512687683,1
0.6132293343544006,1
0.9418495893478394,1
0.47172412276268005,1
0.4290026128292084,1
0.4101530611515045,1
0.6252164840698242,1
0.82914137840271,1
0.7967622876167297,1
0.6360926628112793,1
0.9300428628921509,1
0.8921892046928406,1
0.148199200630188,1
0.7633936405181885,1
0.6085679531097412,1
0.9094312787055969,1
0.9669212102890015,1
0.13277597725391388,1
0.6582424640655518,1
0.9347600936889648,1
0.34600263833999634,1
0.8997251391410828,1
0.9049541354179382,1
0.998415470123291,1
0.9113137722015381,1
0.999556839466095,1
0.70810866355896,1
0.886707603931427,1
0.79547518491745,1
0.9739106297492981,1
0.9365267753601074,1
0.24955227971076965,1
0.602798581123352,1
0.9730958938598633,1
0.9264026284217834,1
0.6956518888473511,1
0.45935535430908203,1
0.951968789100647,1
0.8200159072875977,1
0.9995868802070618,1
0.636515736579895,1
0.22342434525489807,1
0.197792649269104,1
0.7216551899909973,1
0.5141530632972717,1
0.8959454298019409,1
0.9989485144615173,1
0.6582785248756409,1
0.9259618520736694,1
0.18455636501312256,1
0.9718853831291199,1
0.9570326209068298,1
0.5543944835662842,1
0.4079662263393402,1
0.8313361406326294,1
0.969826340675354,1
0.4486324191093445,1
0.9369418621063232,1
0.7997414469718933,1
0.2416583001613617,1
0.9431544542312622,1
0.9050450325012207,1
0.9925610423088074,1
0.9942615032196045,1
0.5168665051460266,1
0.9998489618301392,1
0.6973047852516174,1
0.9319395422935486,1
0.5712925791740417,1
0.9659265875816345,1
0.6558165550231934,1
0.676263153553009,1
0.73921138048172,1
0.7965748906135559,1
0.8840538859367371,1
0.9996110796928406,1
0.8495312333106995,1
0.9996558427810669,1
0.9354591369628906,1
0.8261662721633911,1
0.5460721254348755,1
0.8498805165290833,1
0.9995334148406982,1
0.8540928363800049,1
0.662919819355011,1
0.4153977632522583,1
0.9989069700241089,1
0.808652937412262,1
0.8485974669456482,1
0.8071345090866089,1
0.9413962960243225,1
0.6052758097648621,1
0.8897476196289062,1
0.2906248867511749,1
0.9169275760650635,1
0.9510416984558105,1
0.719793438911438,1
0.9533603191375732,1
0.9713209271430969,1
0.5934063196182251,1
0.8564207553863525,1
0.999625563621521,1
0.42458605766296387,1
0.9953826069831848,1
0.9486707448959351,1
0.8393953442573547,1
0.9987903237342834,1
0.9008225202560425,1
0.9384236931800842,1
0.4280450940132141,1
0.9766432046890259,1
0.36697185039520264,1
0.8852574229240417,1
0.7385727763175964,1
0.9289236664772034,1
0.8438411355018616,1
0.6378304958343506,1
0.4113379716873169,1
0.9993833303451538,1
0.5525301694869995,1
0.6342944502830505,1
0.9414571523666382,1
0.9559208750724792,1
0.5968068838119507,1
0.990514874458313,1
0.4987071752548218,1
0.9685111045837402,1
0.97213214635849,1
0.9316304326057434,1
0.9317489862442017,1
0.755029559135437,1
0.9109822511672974,1
0.6025135517120361,1
0.934217095375061,1
0.9152448177337646,1
0.8525416851043701,1
0.581676721572876,1
0.8452855348587036,1
0.8623591661453247,1
0.652532160282135,1
0.9511770009994507,1
0.9823814034461975,1
0.8763247132301331,1
0.6068751215934753,1
0.9546086192131042,1
0.9283360838890076,1
0.9998816251754761,1
0.744195818901062,1
0.9552222490310669,1
0.9472060203552246,1
0.9155808091163635,1
0.6997851133346558,1
0.4868546724319458,1
0.4226441979408264,1
0.9360287189483643,1
0.638099730014801,1
0.9341749548912048,1
0.9992908239364624,1
0.999809205532074,1
0.9965167045593262,1
0.9358320832252502,1
0.9487490653991699,1
0.8213911056518555,1
0.1930965632200241,1
0.22199903428554535,1
0.9117642045021057,1
0.9586783647537231,1
0.9509098529815674,1
0.38839370012283325,1
0.9076880812644958,1
0.9464030265808105,1
0.9717175364494324,1
0.6039049625396729,1
0.12525397539138794,1
0.8952178955078125,1
0.7593606114387512,1
0.8457038998603821,1
0.9028007388114929,1
0.9048991799354553,1
0.9555591344833374,1
0.724941074848175,1
0.9292950630187988,1
0.9183521866798401,1
0.28364697098731995,1
0.6260090470314026,1
0.7216077446937561,1
0.9121562242507935,1
0.9001604914665222,1
0.6934731006622314,1
0.9671820402145386,1
0.8976287245750427,1
0.6059446334838867,1
0.5960652828216553,1
0.5001463890075684,1
0.8776081800460815,1
0.8545299768447876,1
0.9477705359458923,1
0.996519923210144,1
0.8546212315559387,1
0.8162060379981995,1
0.5825664401054382,1
0.7480220198631287,1
0.9177212119102478,1
0.8168187141418457,1
0.9099569916725159,1
0.9569566249847412,1
0.8294124603271484,1
0.9710727334022522,1
0.8980716466903687,1
0.9925646781921387,1
0.8315033316612244,1
0.9505534172058105,1
0.8428905606269836,1
0.9577062129974365,1
0.262482613325119,1
0.9254529476165771,1
0.39333534240722656,1
0.9985759258270264,1
0.9537273645401001,1
0.9997214674949646,1
0.9574178457260132,1
0.9222540259361267,1
0.2675001323223114,1
0.8013509511947632,1
0.9131295680999756,1
0.18553288280963898,1
0.33907946944236755,1
0.9999786615371704,1
0.9457425475120544,1
0.7234973311424255,1
0.6347899436950684,1
0.3783080279827118,1
0.8263369202613831,1
0.9454929232597351,1
0.31712237000465393,1
0.7505895495414734,1
0.7793055772781372,1
0.12625157833099365,1
0.9568620920181274,1
0.3343750238418579,1
0.9958716034889221,1
0.3711545467376709,1
0.33273154497146606,1
0.837455153465271,1
0.2705152928829193,1
0.9226502776145935,1
0.9625524282455444,1
0.6190868616104126,1
0.924029529094696,1
0.9101693034172058,1
0.9027615189552307,1
0.8474486470222473,1
0.5376935601234436,1
0.3505774736404419,1
0.8792148232460022,1
0.9066160321235657,1
0.9998306035995483,1
0.9991573095321655,1
0.4629586637020111,1
0.4604380130767822,1
0.3431227207183838,1
0.8545434474945068,1
0.8335503935813904,1
0.40964147448539734,1
0.5976107120513916,1
0.9503833651542664,1
0.8443455696105957,1
0.8314863443374634,1
0.6056824922561646,1
0.3585711121559143,1
0.3298908472061157,1
0.9062263369560242,1
0.8036633729934692,1
0.637226402759552,1
0.858709454536438,1
0.9364672899246216,1
0.5885688662528992,1
0.9516776204109192,1
0.8900671601295471,1
0.8447601199150085,1
0.3243381977081299,1
0.9542378783226013,1
0.7283092141151428,1
0.9999217987060547,1
0.8049485683441162,1
0.4147045910358429,1
0.9599597454071045,1
0.13917553424835205,1
0.48362985253334045,1
0.8462533354759216,1
0.319271445274353,1
1.0,1
0.9999998807907104,1
0.8183135390281677,1
0.9597959518432617,1
0.9975718855857849,1
0.8598613739013672,1
0.8877774477005005,1
0.9471216201782227,1
0.6938379406929016,1
0.15771692991256714,1
0.7585907578468323,1
0.9929640293121338,1
0.7958853840827942,1
0.9327822923660278,1
1.0,1
0.008723956532776356,1
0.7556361556053162,1
0.7991252541542053,1
0.5086066722869873,1
0.9793409705162048,1
0.6313366293907166,1
0.9933725595474243,1
0.8335914015769958,1
0.8211671710014343,1
0.34193432331085205,1
0.6234200596809387,1
0.18059472739696503,1
0.9334173798561096,1
0.3224066495895386,1
0.9532384276390076,1
1.0,1
0.6448161602020264,1
0.9652210474014282,1
0.698688268661499,1
0.04414019733667374,1
0.08192696422338486,1
0.8260663747787476,1
0.9020842909812927,1
0.5425319075584412,1
1.0,1
0.5753132700920105,1
0.4578637182712555,1
0.7400549650192261,1
0.5918668508529663,1
0.9999998807907104,1
0.9523961544036865,1
0.5339375138282776,1
1.0,1
0.9271358847618103,1
0.9418495893478394,1
0.9694589376449585,1
0.8399345874786377,1
1.0,1
0.9060487747192383,1
0.4812381863594055,1
0.46495673060417175,1
0.9999508857727051,1
0.999846339225769,1
0.720272421836853,1
0.891342043876648,1
0.8415554761886597,1
0.9662631750106812,1
0.8453232049942017,1
0.7041822075843811,1
0.03939315676689148,1
0.7595620155334473,1
0.9987409710884094,1
1.0,1
1.0,1
0.43864506483078003,1
0.148199200630188,1
0.8534475564956665,1
0.84236741065979,1
0.4181540608406067,1
0.6085679531097412,1
1.0,1
0.9094312787055969,1
0.8465670347213745,1
0.3196448087692261,1
0.5614343881607056,1
0.9479764699935913,1
0.9789422750473022,1
0.14538270235061646,1
0.7322264909744263,1
0.4963018000125885,1
0.9553797841072083,1
0.8982591032981873,1
0.9347600936889648,1
0.7517813444137573,1
0.4842968285083771,1
0.3752403259277344,1
0.8997251391410828,1
0.3210108280181885,1
0.9848800897598267,1
0.6269024014472961,1
0.9063485860824585,1
0.9490745663642883,1
0.9750537872314453,1
0.9579784274101257,1
0.79547518491745,1
0.9702353477478027,1
0.8898301720619202,1
0.9967880249023438,1
0.9806400537490845,1
0.13857857882976532,1
0.5337120294570923,1
0.37086614966392517,1
0.41156959533691406,1
0.8539983630180359,1
0.7992169260978699,1
0.24955227971076965,1
0.8532710075378418,1
1.0,1
1.0,1
1.0,1
0.9572041630744934,1
0.9237176775932312,1
0.26006001234054565,1
0.9674401879310608,1
0.9998021721839905,1
0.9173905253410339,1
0.46202555298805237,1
0.9940496683120728,1
0.1731591373682022,1
0.997789740562439,1
0.9236180782318115,1
0.9218328595161438,1
0.463299959897995,1
0.9264026284217834,1
0.9999997615814209,1
0.9138014912605286,1
0.8842092156410217,1
0.9197834134101868,1
0.9896676540374756,1
0.9919885396957397,1
0.25134098529815674,1
0.9999998807907104,1
0.9844909310340881,1
1.0,1
0.7526028156280518,1
0.8200159072875977,1
0.7597723603248596,1
0.9998884201049805,1
0.966589093208313,1
0.5030649304389954,1
0.197792649269104,1
0.7915599942207336,1
0.9992941617965698,1
0.7379469275474548,1
0.9989485144615173,1
0.5165905356407166,1
1.0,1
0.9409560561180115,1
0.8836650252342224,1
0.9259618520736694,1
1.0,1
0.18455636501312256,1
0.8456547260284424,1
0.9223609566688538,1
0.8454174995422363,1
0.5757731795310974,1
0.010511520318686962,1
0.8898063898086548,1
0.7112561464309692,1
0.9997209906578064,1
0.7871439456939697,1
0.9323226809501648,1
0.9467032551765442,1
0.9804242849349976,1
0.9521740674972534,1
0.9379342198371887,1
0.4486324191093445,1
0.2416583001613617,1
0.9968926310539246,1
0.9396278858184814,1
0.029248971492052078,1
0.3641848564147949,1
0.9925610423088074,1
0.7286052703857422,1
0.8369119763374329,1
0.01370481587946415,1
0.5168665051460266,1
0.9319395422935486,1
0.989607036113739,1
0.9659265875816345,1
0.6847327351570129,1
0.9992740750312805,1
0.7685743570327759,1
0.9748029112815857,1
0.7965748906135559,1
0.951094388961792,1
0.9359046816825867,1
1.0,1
1.0,1
0.9891656041145325,1
0.9942284822463989,1
1.0,1
0.35264602303504944,1
0.8859535455703735,1
0.8710195422172546,1
0.3215557336807251,1
0.33658456802368164,1
0.9291932582855225,1
1.0,1
0.9396364092826843,1
0.9323840737342834,1
0.6410180926322937,1
0.8261662721633911,1
0.2652009427547455,1
0.9977346658706665,1
0.9494817852973938,1
0.5461879372596741,1
0.9991468191146851,1
0.9061486721038818,1
0.9333658814430237,1
1.0,1
0.8579201698303223,1
0.9289700388908386,1
0.9531809091567993,1
0.5389026403427124,1
0.3262017071247101,1
0.9837914705276489,1
0.33160388469696045,1
0.998836100101471,1
0.26205766201019287,1
0.410758376121521,1
0.818913996219635,1
0.9468532204627991,1
0.9999998807907104,1
0.9226180911064148,1
0.9998453855514526,1
1.0,1
0.9370655417442322,1
0.9563246369361877,1
0.33561864495277405,1
0.9401659369468689,1
0.9370611310005188,1
0.7052576541900635,1
0.808652937412262,1
0.9983188509941101,1
1.0,1
0.8071345090866089,1
0.36820000410079956,1
0.5391279458999634,1
0.9301358461380005,1
0.9864552021026611,1
0.9748523235321045,1
0.5016921758651733,1
0.9451936483383179,1
0.9541172981262207,1
0.8531834483146667,1
0.719793438911438,1
0.998077392578125,1
0.8939476609230042,1
0.8564207553863525,1
0.03535173833370209,1
0.3787655830383301,1
0.45165547728538513,1
0.9493677616119385,1
0.9384236931800842,1
0.9031816124916077,1
0.6112281680107117,1
0.802947998046875,1
0.9962711334228516,1
0.22547279298305511,1
0.3341884911060333,1
0.6178615689277649,1
0.9999097585678101,1
0.9663487672805786,1
0.5116511583328247,1
0.7385727763175964,1
0.9289236664772034,1
0.062458526343107224,1
0.9860526323318481,1
0.9331400394439697,1
0.7721283435821533,1
0.9989186525344849,1
1.0,1
0.9461587071418762,1
0.256976455450058,1
0.9987409710884094,1
0.8356859683990479,1
0.7981420159339905,1
0.9559208750724792,1
0.8386279344558716,1
0.9832632541656494,1
0.9159917235374451,1
0.37201884388923645,1
0.9573765397071838,1
0.4987071752548218,1
0.9960993528366089,1
0.9999996423721313,1
0.055552542209625244,1
0.755029559135437,1
0.9123306274414062,1
0.16695909202098846,1
0.9520049691200256,1
0.6925497651100159,1
1.0,1
0.1846899837255478,1
0.22580459713935852,1
0.8519373536109924,1
0.9675352573394775,1
0.9646178483963013,1
0.8429585695266724,1
0.9997536540031433,1
0.581676721572876,1
0.9999998807907104,1
0.8504083156585693,1
0.8528460264205933,1
0.9546602368354797,1
0.9151067733764648,1
0.8452855348587036,1
0.9972091317176819,1
0.7745989561080933,1
0.9437757134437561,1
0.40406033396720886,1
0.9949094653129578,1
0.8465601801872253,1
0.8755171298980713,1
0.9106026291847229,1
0.7530932426452637,1
0.5623357892036438,1
0.9989597797393799,1
0.627417266368866,1
0.9552222490310669,1
0.6537179350852966,1
0.43732818961143494,1
0.9472060203552246,1
0.4196394681930542,1
0.6997851133346558,1
1.0,1
0.3475683927536011,1
0.809655487537384,1
0.4868546724319458,1
0.8434250950813293,1
0.9889606833457947,1
0.8415773510932922,1
0.92782062292099,1
0.9297572374343872,1
0.42272090911865234,1
0.45404449105262756,1
0.9341749548912048,1
0.5995726585388184,1
0.8683624863624573,1
0.8979779481887817,1
0.9487490653991699,1
0.1930965632200241,1
0.8246017098426819,1
0.936532735824585,1
1.0,1
0.489601731300354,1
0.9876182079315186,1
0.9311924576759338,1
0.9717175364494324,1
0.9990251064300537,1
0.2461770474910736,1
0.9613161087036133,1
0.392966628074646,1
0.8457038998603821,1
0.8475817441940308,1
0.9998831748962402,1
0.9048991799354553,1
0.9999995231628418,1
0.49146968126296997,1
0.9182835221290588,1
0.8834913372993469,1
0.9298638701438904,1
0.5086594223976135,1
0.9001604914665222,1
0.9794080257415771,1
0.9671820402145386,1
0.6059446334838867,1
0.9984397292137146,1
0.587189793586731,1
0.8629071712493896,1
0.9785848259925842,1
0.8776081800460815,1
0.4475253224372864,1
1.0,1
0.6074525713920593,1
0.9381131529808044,1
0.9477705359458923,1
0.6858624815940857,1
0.4156096875667572,1
0.996519923210144,1
0.8882492184638977,1
0.6492642760276794,1
0.21093665063381195,1
0.9886128306388855,1
0.7480220198631287,1
0.9331874847412109,1
0.889822244644165,1
0.46124330163002014,1
0.3278931975364685,1
0.9563629031181335,1
0.947636067867279,1
0.9865409731864929,1
0.9511564373970032,1
0.8792622685432434,1
0.9321359395980835,1
0.6860478520393372,1
0.28849831223487854,1
0.7433608770370483,1
0.14730335772037506,1
0.8822421431541443,1
0.8091365098953247,1
1.0,1
0.9710727334022522,1
0.9232535362243652,1
0.9023231863975525,1
0.5375013947486877,1
0.8980716466903687,1
0.943954586982727,1
0.8357571363449097,1
0.9635576009750366,1
0.6563640832901001,1
0.8781036734580994,1
0.9717863202095032,1
0.9958551526069641,1
0.9254529476165771,1
0.9431471228599548,1
0.9998526573181152,1
0.3473129868507385,1
0.39333534240722656,1
0.9985759258270264,1
0.9537273645401001,1
0.3237100839614868,1
0.9974216222763062,1
0.3780333399772644,1
0.9378905296325684,1
0.7746886610984802,1
0.8013509511947632,1
0.9620234966278076,1
0.9332868456840515,1
0.5219004154205322,1
0.7928799390792847,1
0.9346161484718323,1
0.544337809085846,1
0.18553288280963898,1
0.8856233954429626,1
0.9956526756286621,1
0.9645230174064636,1
0.8699190020561218,1
0.25293439626693726,1
0.6347899436950684,1
0.8263369202613831,1
0.6653506755828857,1
1.0,1
1.0,1
0.7505895495414734,1
0.5771586298942566,1
0.9532972574234009,1
0.12625157833099365,1
0.9767787456512451,1
0.9648592472076416,1
0.14004385471343994,1
0.9977983236312866,1
0.9644179940223694,1
0.9101642370223999,1
0.9179205894470215,1
0.9143020510673523,1
0.998497724533081,1
0.3343750238418579,1
0.8504376411437988,1
0.9581921100616455,1
1.0,1
0.9193189740180969,1
0.7005214095115662,1
0.9288442730903625,1
0.9583591818809509,1
0.5840034484863281,1
0.9690588116645813,1
0.9499481320381165,1
0.9682014584541321,1
0.9995330572128296,1
0.33338087797164917,1
0.8873152136802673,1
0.9292088150978088,1
0.6787111163139343,1
0.8602452278137207,1
0.9625524282455444,1
0.6190868616104126,1
0.8912197947502136,1
0.924029529094696,1
0.9925105571746826,1
0.06613888591527939,1
0.9653536081314087,1
0.5881395936012268,1
0.850777804851532,1
1.0,1
0.8525006175041199,1
0.48937198519706726,1
1.0,1
0.8583380579948425,1
0.9999998807907104,1
0.8066559433937073,1
0.9988688826560974,1
0.9520320892333984,1
0.7253255844116211,1
0.3431227207183838,1
0.26839926838874817,1
0.48197054862976074,1
0.9793741703033447,1
0.9110564589500427,1
0.8607524633407593,1
0.8501526713371277,1
1.0,1
0.3372263014316559,1
0.9990566372871399,1
0.9670198559761047,1
0.8221526145935059,1
0.6225272417068481,1
0.8443455696105957,1
0.9994572997093201,1
0.5252705812454224,1
0.9996001124382019,1
0.5025330185890198,1
0.6056824922561646,1
0.3298908472061157,1
0.8036633729934692,1
0.816137433052063,1
0.9529569149017334,1
0.9999973773956299,1
0.9002277255058289,1
0.9476330876350403,1
0.639339804649353,1
0.7039775252342224,1
0.9574014544487,1
0.9893950819969177,1
0.4498216509819031,1
0.42034465074539185,1
0.9370421171188354,1
0.8496836423873901,1
0.6648027300834656,1
0.3243381977081299,1
0.5811061859130859,1
0.9769754409790039,1
0.7932730913162231,1
0.920054018497467,1
0.2649061679840088,1
0.3295893967151642,1
0.4962254464626312,1
0.5968000292778015,1
0.9272446632385254,1
0.6537474989891052,1
0.9999802112579346,1
0.9269759654998779,1
0.7283092141151428,1
0.9982407093048096,1
0.8086645603179932,1
0.8585461378097534,1
0.9978089928627014,1
0.9682379364967346,1
0.9985547661781311,1
0.9950898885726929,1
0.9370838403701782,1
0.9975861310958862,1
0.9948534369468689,1
0.9999853372573853,1
0.9825960397720337,1
0.9566129446029663,1
0.9976067543029785,1
0.9818581342697144,1
0.997589111328125,1
0.9977149963378906,1
0.995668888092041,1
0.9540656805038452,1
0.9535607099533081,1
0.9904060959815979,1
0.9993165731430054,1
0.9999232292175293,1
0.9975792765617371,1
0.9875749945640564,1
0.9979944229125977,1
0.989822268486023,1
0.9999232292175293,1
0.9900919198989868,1
0.9927224516868591,1
0.9979990124702454,1
0.9819532036781311,1
0.9976754784584045,1
0.9963634610176086,1
0.997631311416626,1
0.997840404510498,1
0.9737715721130371,1
0.9976903200149536,1
0.9980409741401672,1
0.9681692719459534,1
0.9981347322463989,1
0.9975566864013672,1
0.9981387853622437,1
0.9931994080543518,1
0.9978679418563843,1
0.9980862140655518,1
0.9981638789176941,1
0.998473584651947,1
0.9814212918281555,1
0.9999591112136841,1
0.9565721750259399,1
0.9684332013130188,1
0.9869394302368164,1
0.9977536797523499,1
0.9575169682502747,1
0.7739087343215942,1
0.6209923624992371,1
0.8816030025482178,1
0.6995534896850586,1
0.7022982239723206,1
0.5143473744392395,1
0.7971858978271484,1
0.7096897959709167,1
0.5246421694755554,1
0.9420731067657471,1
0.6312231421470642,1
0.3711429536342621,1
0.7102424502372742,1
0.001086086151190102,0
0.004337057936936617,0
0.021643323823809624,0
0.0010703691514208913,0
0.0008674447890371084,0
0.015533159486949444,0
0.05616575479507446,0
0.0003058798029087484,0
0.0003012311935890466,0
0.26075831055641174,0
0.743543267250061,0
0.0028554992750287056,0
0.009438286535441875,0
0.1046079769730568,0
0.011318287812173367,0
0.2883480489253998,0
0.16408351063728333,0
0.9288527965545654,0
0.06838268041610718,0
0.0003444158937782049,0
0.7368022203445435,0
0.00711651798337698,0
0.017876042053103447,0
0.722771406173706,0
0.045638397336006165,0
0.005526496563106775,0
0.02844935655593872,0
0.00010984796972479671,0
0.005631341133266687,0
0.02691863663494587,0
0.736584484577179,0
0.0003298268129583448,0
0.003992293030023575,0
0.07241547852754593,0
0.005004176404327154,0
0.014142325147986412,0
0.3236626982688904,0
0.00016121681255754083,0
0.0015756037319079041,0
0.005792300216853619,0
0.008398756384849548,0
0.0013556306948885322,0
0.02568688429892063,0
0.00013520648644771427,0
6.690823647659272e-05,0
0.0028331007342785597,0
0.04127015545964241,0
0.31604522466659546,0
0.0026336146984249353,0
0.22624990344047546,0
0.00013122484961058944,0
0.693686306476593,0
0.005757701583206654,0
0.7266682982444763,0
0.002097867429256439,0
0.7256309390068054,0
0.0001115060513257049,0
0.020268557593226433,0
0.0009346147417090833,0
0.14165346324443817,0
0.04488677904009819,0
0.0024518417194485664,0
0.1508958339691162,0
0.0008207341306842864,0
0.001614870736375451,0
0.00039234539144672453,0
0.00015084445476531982,0
0.3802415728569031,0
0.7269933223724365,0
0.0008120817947201431,0
0.0006485058111138642,0
0.005176723003387451,0
0.0017039491795003414,0
0.00019609363516792655,0
0.009576895274221897,0
0.0004575202183332294,0
0.7347986698150635,0
0.0009875660762190819,0
0.0023495391942560673,0
0.0014368615811690688,0
0.006515776738524437,0
0.1293487846851349,0
0.004601575899869204,0
0.00606457469984889,0
0.008186236955225468,0
0.0012730718590319157,0
0.001973372185602784,0
0.00023039289226289839,0
0.014147404581308365,0
0.004515423905104399,0
0.020618153735995293,0
0.006525370758026838,0
0.001166614005342126,0
0.08584409952163696,0
0.009165589697659016,0
0.00017484599084127694,0
0.05615377053618431,0
0.7358047962188721,0
0.15676754713058472,0
0.9703406095504761,0
0.007698789704591036,0
0.05254947021603584,0
0.07880270481109619,0
0.016502471640706062,0
0.020276617258787155,0
0.012917152605950832,0
0.015825305134058,0
0.3534756004810333,0
0.6675916314125061,0
0.0006511143292300403,0
0.019462840631604195,0
0.00020410504657775164,0
0.0005441606044769287,0
0.7389281392097473,0
0.0002139834250556305,0
0.19794560968875885,0
0.019820692017674446,0
0.00014720069884788245,0
0.955467700958252,0
1.4020549315318931e-05,0
0.0008359660278074443,0
0.00040739637915976346,0
0.7395830750465393,0
0.006724721752107143,0
0.7313167452812195,0
0.005074852611869574,0
0.9958821535110474,0
0.1541447937488556,0
0.1243419274687767,0
0.004116259515285492,0
0.0001363207120448351,0
0.0006764414720237255,0
0.00033935465035028756,0
0.07940136641263962,0
0.13814707100391388,0
0.1882142573595047,0
0.9683052897453308,0
0.009719695895910263,0
0.09058763831853867,0
0.09814759343862534,0
0.030167799443006516,0
0.7320229411125183,0
0.011312196962535381,0
0.0003537353768479079,0
2.5383576939930208e-05,0
0.00032695214031264186,0
0.28893402218818665,0
0.01335203181952238,0
0.0014593028463423252,0
0.0028024965431541204,0
0.02694152668118477,0
0.0020734870340675116,0
0.2721819281578064,0
0.005881665274500847,0
0.21317625045776367,0
0.0046151019632816315,0
0.049516987055540085,0
0.05811508744955063,0
0.03450563922524452,0
0.0026719258166849613,0
0.012011656537652016,0
0.0024556140415370464,0
0.00013217070954851806,0
0.7391800284385681,0
0.5013982057571411,0
0.00246523623354733,0
0.002538074506446719,0
0.0011844509281218052,0
0.04569922760128975,0
0.0024371522013098,0
0.03515511751174927,0
0.0038729729130864143,0
8.787627302808687e-05,0
0.006827885750681162,0
6.152415153337643e-05,0
0.054574694484472275,0
0.01050883624702692,0
0.0009125032811425626,0
0.017822327092289925,0
0.0004987654974684119,0
0.14504830539226532,0
0.00044548307778313756,0
0.00038425053935498,0
0.00839924905449152,0
0.006218268536031246,0
0.0110756391659379,0
0.0006720052915625274,0
0.004116400144994259,0
0.00018337497022002935,0
0.0007976912893354893,0
0.02025834284722805,0
0.36297959089279175,0
0.7287707924842834,0
0.02692992240190506,0
0.004427934065461159,0
0.12870781123638153,0
0.0007618658128194511,0
0.00946796964854002,0
0.7319837212562561,0
0.0011923840502277017,0
0.1872948408126831,0
0.0001533704053144902,0
0.0013477606698870659,0
0.007767890579998493,0
0.0006630625575780869,0
0.008291410282254219,0
0.06134224683046341,0
0.0030819070525467396,0
0.1333288848400116,0
0.6197112798690796,0
0.008990729227662086,0
0.9805313944816589,0
0.00011278629972366616,0
0.8563057780265808,0
0.7405851483345032,0
0.056680262088775635,0
0.07249005138874054,0
0.0005712220445275307,0
0.0015210508136078715,0
0.000838619249407202,0
0.00784973707050085,0
0.7347943186759949,0
0.005075115244835615,0
0.0006507657235488296,0
0.00204860744997859,0
0.0014844693941995502,0
0.07838985323905945,0
0.9285440444946289,0
0.722977340221405,0
0.024350063875317574,0
0.16898302733898163,0
0.01203210186213255,0
0.011065786704421043,0
0.016203396022319794,0
0.002849891781806946,0
0.0007995519554242492,0
0.03037673607468605,0
3.6405930359251215e-07,0
0.8334776163101196,0
0.0028772095683962107,0
0.7275287508964539,0
0.0004543761315289885,0
0.0016934855375438929,0
0.005871430970728397,0
0.01495024561882019,0
6.521197792608291e-05,0
0.4197878837585449,0
0.0342402309179306,0
0.0003761848493013531,0
0.00021882570581510663,0
0.0003945711359847337,0
0.0012658336199820042,0
0.7371987104415894,0
0.00362694775685668,0
0.02633289061486721,0
0.3080044388771057,0
8.191393135348335e-05,0
0.014791591092944145,0
0.0014831108273938298,0
0.08795864135026932,0
9.012332884594798e-05,0
0.508272647857666,0
0.0003470973751973361,0
0.001387925585731864,0
5.9556296037044376e-05,0
0.1675591617822647,0
0.00028892772388644516,0
0.024438131600618362,0
0.12481538206338882,0
0.00024014322843868285,0
0.1285260021686554,0
0.0035764328204095364,0
0.008867431432008743,0
0.13580673933029175,0
0.7213549613952637,0
0.0009950745152309537,0
0.00018269571592099965,0
2.146915539924521e-05,0
0.00015426155005116016,0
0.000945545150898397,0
0.008353806100785732,0
0.6125568151473999,0
0.2983066439628601,0
0.019179601222276688,0
0.011621666140854359,0
0.0047263228334486485,0
0.0001305688201682642,0
0.02120147831737995,0
0.0031649800948798656,0
0.7355996370315552,0
0.023249639198184013,0
0.7444144487380981,0
0.0002549830824136734,0
0.01268506608903408,0
0.0018686862895265222,0
0.004065416287630796,0
0.004275079816579819,0
0.7360256314277649,0
0.013782979920506477,0
0.760697603225708,0
0.0018879995914176106,0
0.00043411203660070896,0
0.02918691188097,0
0.0038994390051811934,0
6.983086495893076e-05,0
0.0003823522129096091,0
3.698247382999398e-05,0
6.11314972047694e-05,0
0.005586509592831135,0
0.014340447261929512,0
0.00010998788638971746,0
0.012391835451126099,0
0.001075213891454041,0
0.06109463423490524,0
0.0002530492201913148,0
0.01810658536851406,0
0.0011544746812433004,0
0.053975339978933334,0
0.06402474641799927,0
0.00018433301011100411,0
0.13258571922779083,0
0.0005524441949091852,0
0.004273094702512026,0
0.0004771899548359215,0
0.0005815731710754335,0
0.012489799410104752,0
0.00023305251670535654,0
0.001005655387416482,0
0.0023969383910298347,0
0.975468635559082,0
0.05877133086323738,0
0.000870646967086941,0
0.0005275342264212668,0
0.060937702655792236,0
0.1588638424873352,0
0.007549352012574673,0
0.0007932886364869773,0
0.01959099806845188,0
0.00358448619954288,0
0.004079611971974373,0
0.057496506720781326,0
0.015846209600567818,0
0.014343191869556904,0
0.01803993433713913,0
1.915370739880018e-05,0
0.03890693932771683,0
4.112653186894022e-05,0
0.003419433021917939,0
0.9477264285087585,0
6.503926852019504e-05,0
0.028123797848820686,1
0.01672903262078762,1
0.015971684828400612,1
0.050701968371868134,1
0.02984658256173134,1
0.030520234256982803,1
0.03135562688112259,1
0.9231448769569397,1
0.024578800424933434,1
0.026404688134789467,1
0.018113845959305763,1
0.9960498213768005,1
0.03037509135901928,1
0.7214890718460083,1
0.031457409262657166,1
0.028023088350892067,1
0.12858954071998596,1
0.7658669948577881,1
0.03861013427376747,1
0.5704378485679626,1
0.3292246162891388,1
4.635236837202683e-05,1
0.030966047197580338,1
0.988839328289032,1
0.0889163464307785,1
0.006199338007718325,1
0.0013836806174367666,1
0.14190487563610077,1
0.17206385731697083,1
0.028170006349682808,1
0.024209164083003998,1
0.023030580952763557,1
0.01703667640686035,1
0.003627058118581772,1
0.8150618672370911,1
0.09069614857435226,1
0.020451314747333527,1
0.03087972104549408,1
0.0035915933549404144,1
0.028459953144192696,1
0.37529268860816956,1
0.013097858987748623,1
0.9264404773712158,1
0.1448526233434677,1
0.05119992420077324,1
0.29119807481765747,1
0.030899489298462868,1
0.004754588473588228,1
0.031050896272063255,1
0.514961302280426,1
0.9671828746795654,1
0.9737270474433899,1
0.1008545383810997,1
0.022730866447091103,1
0.032054174691438675,1
0.0010614667553454638,1
0.122276172041893,1
0.4117054045200348,1
0.028326239436864853,1
0.9753205180168152,1
0.02896946482360363,1
0.024891911074519157,1
0.03151969239115715,1
0.9223264455795288,1
0.032839931547641754,1
0.0860069990158081,1
1.0,1
0.7637988328933716,1
0.029760781675577164,1
0.022427886724472046,1
0.023568982258439064,1
0.8273652195930481,1
0.025484958663582802,1
0.005179240833967924,1
0.011866727843880653,1
0.030085435137152672,1
0.031664494425058365,1
0.9947183728218079,1
0.9897630214691162,1
0.9950286746025085,1
0.01842060126364231,1
0.9999539852142334,1
0.03093111701309681,1
0.9995647072792053,1
0.8944526314735413,1
0.35548582673072815,1
0.0300122182816267,1
0.02681499719619751,1
0.010195322334766388,1
0.0035654110834002495,1
0.031710971146821976,1
0.9999960660934448,1
0.11344359815120697,1
0.9971312284469604,1
0.003154208417981863,1
0.9998842477798462,1
0.5931491851806641,1
0.11297877132892609,1
0.03365577012300491,1
0.08516169339418411,1
0.03516089916229248,1
0.04006153345108032,1
0.8715207576751709,1
0.9713548421859741,1
0.11577512323856354,1
0.019327055662870407,1
0.024273894727230072,1
0.1319623440504074,1
0.012160583399236202,1
0.004473953507840633,1
0.7453699707984924,1
0.9881666302680969,1
0.01734950952231884,1
0.026320599019527435,1
0.9939690828323364,1
0.0175002571195364,1
0.9977710247039795,1
0.023628614842891693,1
0.03290286660194397,1
0.020680060610175133,1
0.005060027353465557,1
0.39089587330818176,1
0.9993498921394348,1
0.056624725461006165,1
0.028644781559705734,1
0.08960601687431335,1
0.02241441421210766,1
0.15695010125637054,1
0.02819870039820671,1
0.16585247218608856,1
0.015865398570895195,1
0.015816625207662582,1
0.030177079141139984,1
0.26338207721710205,1
0.03535089269280434,1
0.021602816879749298,1
0.027819016948342323,1
0.9471020698547363,1
0.023151496425271034,1
0.9999948740005493,1
0.07661347836256027,1
0.021136200055480003,1
0.15634393692016602,1
0.0022532125003635883,1
0.054870422929525375,1
0.024792838841676712,1
0.9895262718200684,1
0.028576776385307312,1
0.003169815754517913,1
0.9122445583343506,1
0.947089672088623,1
0.031239580363035202,1
0.9023961424827576,1
0.02969479002058506,1
0.0018906451296061277,1
0.9566032886505127,1
0.029945645481348038,1
0.030546939000487328,1
0.008639168925583363,1
0.7452245354652405,1
0.011879270896315575,1
0.4878426194190979,1
0.026590952649712563,1
0.958945631980896,1
0.037946946918964386,1
0.15977610647678375,1
0.23194150626659393,1
0.03201884776353836,1
0.0009888139320537448,1
0.02911021187901497,1
0.02417428232729435,1
0.01838843524456024,1
0.9857305288314819,1
0.05668382719159126,1
0.9813826680183411,1
0.9601430892944336,1
0.46880924701690674,1
0.026980411261320114,1
0.014369613490998745,1
0.9705113172531128,1
0.3801724314689636,1
0.9970539808273315,1
1.0,1
0.04727979749441147,1
0.005772707052528858,1
0.9974761605262756,1
0.23697704076766968,1
0.9586165547370911,1
0.029378661885857582,1
0.02797735668718815,1
0.021716546267271042,1
0.030209075659513474,1
0.9966390132904053,1
0.7471952438354492,1
0.9991266131401062,1
0.8816030025482178,1
0.02954421006143093,1
0.026369046419858932,1
0.978725790977478,1
0.2592548727989197,1
0.025348499417304993,1
0.029467424377799034,1
0.01985372044146061,1
0.01960987225174904,1
0.1065959706902504,1
0.9981160163879395,1
0.05983390286564827,1
0.9862451553344727,1
0.8559967279434204,1
0.03156117722392082,1
0.019408708438277245,1
0.006822241935878992,1
0.16008710861206055,1
0.04884196072816849,1
0.18860019743442535,1
0.9421252608299255,1
0.7021222114562988,1
0.9999169111251831,1
0.2883502244949341,1
0.7328688502311707,1
0.03102705627679825,1
0.04967807978391647,1
0.042927078902721405,1
0.9810489416122437,1
0.7261212468147278,1
0.0031672343611717224,1
0.12426186352968216,1
0.031914982944726944,1
0.007410817313939333,1
0.3711429536342621,1
0.024576915428042412,1
0.0277366042137146,1
0.02718675695359707,1
0.6385607719421387,1
0.02866816334426403,1
0.09889762103557587,1
0.11736900359392166,1
0.022991439327597618,1
0.9690397381782532,1
0.9821003079414368,1
0.02877272479236126,1
0.00696879206225276,1
0.022943252697587013,1
0.2291344851255417,1
0.5058925747871399,1
0.4876888394355774,1
0.03173243626952171,1
0.4922935366630554,1
0.9331656694412231,1
0.917919933795929,1
0.021781349554657936,1
0.02879623882472515,1
0.7426402568817139,1
0.9883463978767395,1
0.001509200781583786,1
0.029665842652320862,1
0.015317266806960106,1
0.6537812948226929,1
0.02352491393685341,1
0.03151918575167656,1
0.8711074590682983,1
0.002231443068012595,1
0.032473038882017136,1
0.025682790204882622,1
0.9636819958686829,1
0.02471109852194786,1
0.02746615558862686,1
0.8276922702789307,1
0.02414868026971817,1
0.7009429335594177,1
0.030657589435577393,1
0.023153433576226234,1
0.9870109558105469,1
0.026112372055649757,1
0.48789024353027344,1
0.8924696445465088,1
0.7150890231132507,1
0.37612205743789673,1
0.00630571786314249,1
0.004275842569768429,1
0.0024678644258528948,1
0.017869187518954277,1
0.009060964919626713,1
0.03238803520798683,1
0.028510017320513725,1
0.9960291385650635,1
0.9023985862731934,1
0.1299581229686737,1
0.9189754128456116,1
0.006595624145120382,1
0.0376749113202095,1
0.01761305145919323,1
0.23756267130374908,1
0.8165569305419922,1
0.031263820827007294,1
0.03037695772945881,1
0.9012213349342346,1
0.37187665700912476,1
0.03044167347252369,1
0.024932056665420532,1
0.9518552422523499,1
0.9825066924095154,1
0.032290976494550705,1
1.0,1
0.058419276028871536,1
0.9978171586990356,1
0.027987658977508545,1
0.02701512910425663,1
0.992928683757782,1
0.028658853843808174,1
0.980376124382019,1
0.006719774100929499,1
0.015950623899698257,1
0.9131693243980408,1
0.9990532994270325,1
0.03954722732305527,1
0.16882431507110596,1
0.024720603600144386,1
0.02532145380973816,1
0.047370731830596924,1
0.023648547008633614,1
0.030906427651643753,1
0.006460890639573336,1
0.7671967148780823,1
0.027803082019090652,1
0.021237656474113464,1
0.037025995552539825,1
0.2281753569841385,1
0.8284976482391357,1
0.03127036988735199,1
0.8462210893630981,1
0.9487400650978088,1
0.9146349430084229,1
0.9896311163902283,1
0.004492848180234432,1
0.21222832798957825,1
0.8939054608345032,1
0.008083660155534744,1
0.004031083546578884,1
0.44333070516586304,1
0.9132013320922852,1
0.9943523406982422,1
0.008348763920366764,1
0.027211450040340424,1
0.00566470343619585,1
0.9796181321144104,1
0.9553893804550171,1
0.02160612866282463,1
0.9920936226844788,1
0.03126874566078186,1
0.9580714106559753,1
0.005938343703746796,1
0.01913508027791977,1
0.9999816417694092,1
0.060594551265239716,1
0.49254870414733887,1
0.9433973431587219,1
0.029709432274103165,1
0.030078904703259468,1
0.14280107617378235,1
0.01975267194211483,1
0.9999984502792358,1
0.02289239875972271,1
0.02845928631722927,1
0.06222989037632942,1
0.053829487413167953,1
0.9997496008872986,1
0.017501061782240868,1
0.9936758875846863,1
0.004724253434687853,1
0.02059188298881054,1
0.03461886942386627,1
0.029439345002174377,1
0.02900150790810585,1
0.024354230612516403,1
0.022908268496394157,1
1.0,1
0.8153732419013977,1
0.9998717308044434,1
0.24763458967208862,1
0.045761119574308395,1
0.027761250734329224,1
0.0005251154070720077,1
0.031033432111144066,1
0.9982089996337891,1
0.03166698291897774,1
0.9872947335243225,1
0.03781301900744438,1
0.03120969608426094,1
1.0,1
0.9092346429824829,1
0.14243091642856598,1
0.0002759928465820849,1
0.3800717890262604,1
0.04646949842572212,1
0.024867745116353035,1
0.9514511823654175,1
0.9938329458236694,1
0.46215933561325073,1
0.02405393309891224,1
0.24788233637809753,1
0.8980029821395874,1
0.028793316334486008,1
0.7377580404281616,1
0.04082171618938446,1
0.6894136667251587,1
0.050698310136795044,1
0.8087858557701111,1
0.9990943670272827,1
0.6839379072189331,1
0.9051923751831055,1
0.9877853393554688,1
0.021870844066143036,1
0.727321207523346,1
0.03653392568230629,1
0.03946644440293312,1
0.9515331983566284,1
0.9688346982002258,1
0.992850661277771,1
0.08581623435020447,1
0.0021018381230533123,1
0.030471818521618843,1
0.9999806880950928,1
1.0,1
0.026377666741609573,1
0.054845307022333145,1
0.02038789540529251,1
0.010334569029510021,1
0.0026937704533338547,1
0.975650429725647,1
0.02701796032488346,1
0.021991809830069542,1
0.05003684386610985,1
0.019676174968481064,1
